id,name,storage_location,temperature,duration,notes,good_pairs,bad_pairs,cooking_methods,verified,pairing_verified
1,가다랑어포,실온,밀폐 건냉소,개봉 전 6개월~1년 / 개봉 후 3개월,건조 가쓰오부시. 밀폐 필수. 습기 주의,다시마 / 무 / 간장,-,우리기 / 국물내기 / 토핑,✓,✓
2,가래떡,냉동,-18℃ 이하,2~3개월,식약처 기준. 실온 소비기한 3일 / 냉장 시 전분 노화로 딱딱해짐. 소분·밀봉 필수,꿀 / 조청 / 김 / 고추장,-,떡국 끓이기 / 구이 / 볶기,✓,✓
3,가리비,냉장/냉동,냉장 0~4℃ / 냉동 -18℃ 이하,냉장 1~2일 / 냉동 2~3개월,구입 당일 섭취 권장. 관자(내장 제거)는 진공 포장 후 냉동 3~6개월,버터 / 마늘 / 모짜렐라치즈 / 레몬,-,찜 / 버터구이 / 오븐구이,✓,✓
4,가자미,냉장/냉동,냉장 0~4℃ / 냉동 -18℃ 이하,냉장 1~2일 / 냉동 최대 6개월,흰살 생선. 손질 후 한 마리씩 랩에 밀봉하여 냉동,무 / 대파 / 간장 / 청양고추,-,조림 / 구이 / 튀김,✓,✓
5,가지,냉장,7~10℃ (저온 민감),5~7일,농진청: 저온장해 주의(10℃ 이하 과다 시). 신문지에 싸서 냉장고 야채칸,소고기 / 양파 / 간장 / 대파,-,볶음 / 구이 / 찜,✓,✓
6,갈아만든배,냉장/냉동,냉장 0~4℃ / 냉동 -18℃,냉장 3~5일 / 냉동 2~3개월,고기 양념용. 빠른 사용,고기 양념 / 김치 양념 / 불고기 재움용,-,음용 / 양념 재료,✓,✓
7,갈치,냉장/냉동,냉장 0~4℃ / 냉동 -18℃ 이하,냉장 1~2일 / 냉동 최대 6개월,흰살 생선. 얇고 기름기 적어 장기 냉동 가능. 손질 후 소분 냉동 권장,무 / 호박 / 생강 / 소금,-,구이 / 조림 / 찌개,✓,✓
8,감,냉장/냉동,냉장 0~5℃ / 냉동 -18℃,단감 냉장 2~3주 / 홍시 냉장 1주 / 냉동 6개월,농진청: 저온 저장 유리. 홍시는 냉동 시 상태 장기 유지,호두 / 수정과 / 견과류,-,생식 / 수정과 / 쌈,✓,✓
9,감귤주스,냉장,0~4℃,개봉 전 유통기한 / 개봉 후 냉장 7~10일,개봉 후 밀봉 냉장,탄산수 / 요거트 / 얼음,-,음용 / 드레싱 베이스,✓,✓
10,감자,실온(서늘한 곳),4~8℃ 어두운 곳,2~4개월,농진청: 빛 차단 필수. 싹 나면 제거 필수(솔라닌). 양파와 분리,버터 / 치즈 / 토마토 / 양파,-,찜 / 구이 / 볶음,✓,✓
11,감자전분,실온,밀폐 건냉소,밀폐 실온 1~2년,밀폐 보관. 습기 주의,튀김옷 / 소스 / 팬케이크 반죽,-,튀김옷 입히기 / 전분물 풀기 / 반죽,✓,✓
12,갓,냉장,0~4℃,5~7일,주로 김치용. 밀봉 냉장,멸치액젓 / 마늘 / 삼겹살,-,김치 담기 / 무침 / 절이기,✓,✓
13,강력분,실온,밀폐 건냉소,개봉 전 1년 / 개봉 후 6개월,밀폐 필수. 제빵용,이스트 / 버터 / 우유,-,반죽 / 빵 굽기 / 피자 도우,✓,✓
14,건고추,실온/냉장,밀폐 건냉소 / 냉장,실온 6개월~1년 / 냉장 1~2년,습기 주의. 밀폐 보관,멸치 / 마늘 / 대파,-,우리기 / 갈아서 가루내기 / 양념장,✓,✓
15,건새우,실온/냉장,밀폐 건냉소 / 냉장 0~4℃,실온 1~2개월 / 냉장 3~6개월,건조품이지만 염분·지방으로 산패 우려. 밀폐용기 보관. 장기 보관 시 냉장·냉동,꽈리고추 / 간장 / 마늘 / 견과류,-,볶음 / 국물내기 / 양념장,✓,✓
16,검은깨,실온/냉장,밀폐 건냉소 / 냉장,실온 3~6개월 / 냉장 1년,밀폐 필수,검은콩 / 아몬드우유 / 떡,-,갈기 / 볶음 / 토핑,✓,✓
17,검은콩,실온,밀폐 건냉소,밀폐 실온 1~2년,서리태. 밀폐 보관. 습기·벌레 주의,잡곡밥 / 검은깨 / 견과류,-,밥 짓기 / 콩자반 / 콩국수,✓,✓
18,겨자,냉장,0~4℃,개봉 전 유통기한 / 개봉 후 냉장 6개월~1년,개봉 후 냉장,냉면 / 소고기 / 연어,-,소스 만들기 / 무침 / 드레싱,✓,✓
19,계란,냉장,0~5℃ 이하,산란일로부터 4~5주 (식약처 기준 45일),식약처: 냉장 보관 시 산란일부터 45일. 씻지 않고 뾰족한 쪽이 아래로. 냉장고 문 쪽 X,시금치 / 토마토 / 치즈,-,삶기 / 부치기 / 찜,✓,✓
20,고구마,실온,13~15℃ 어두운 곳,1~2개월,농진청: 냉장 X(저온장해). 13~15℃ 유지가 단맛 보존,김치 / 동치미 / 우유,-,찜 / 구이 / 튀김,✓,✓
21,고등어,냉장/냉동,냉장 0~4℃ / 냉동 -18℃ 이하,냉장 1~2일 (히스타민 위험으로 7일 이내 필수) / 냉동 2~3개월,등푸른 생선. 상온 방치 시 히스타민 생성(가열로도 분해 안 됨). 손질 후 즉시 냉동 권장. 재냉동 금지,무 / 묵은지 / 우거지,-,구이 / 조림 / 찌개,✓,✓
22,고사리,냉장/냉동,냉장 0~4℃ / 냉동 -18℃,데친 것 냉장 3~5일 / 냉동 6개월 / 건조 1년,반드시 데쳐서 사용(티아미나아제 제거). 데친 후 보관,마늘 / 대파 / 조기,문어,나물 무침 / 조림 / 비빔밥,✓,✓
23,고수,냉장,0~4℃,1주,물 컵에 담가 냉장. 씻지 않고 보관,쌀국수 / 라임 / 고추,-,고명 / 생식 / 샐러드,✓,✓
24,고추,냉장,0~5℃,1~2주,비닐봉지 밀봉 냉장. 냉동도 가능,된장 / 마늘 / 멸치,-,생식 / 볶음 / 장아찌,✓,✓
25,고추기름,실온/냉장,실온 건냉소 / 개봉 후 냉장 권장,개봉 후 3~6개월,기름 산패 주의. 직사광선 피하기,중화요리 / 매운 면요리 / 만두,-,볶음 / 무침 / 양념,✓,✓
26,고추냉이,냉장/냉동,냉장 0~4℃ / 냉동 -18℃,튜브 개봉 후 냉장 6개월 / 생은 냉동,튜브 제품이 일반적. 개봉 후 냉장,회 / 초밥 / 메밀국수,-,소스 / 곁들임,✓,✓
27,고추장,냉장,0~10℃,개봉 전 유통기한(1~2년) / 개봉 후 냉장 6개월~1년,발효식품. 개봉 후 냉장 필수. 표면 평평하게,참기름 / 식초 / 마늘 / 돼지고기,-,양념장 / 찌개 / 무침,✓,✓
28,고춧가루,실온/냉장/냉동,밀폐 건냉소 / 냉장·냉동,실온 3~6개월 / 냉장 1년 / 냉동 2~3년,햇빛·습기 주의. 장기 보관 시 냉동 권장,마늘 / 젓갈 / 고추장,-,양념 / 김치 담기 / 무침,✓,✓
29,골뱅이,냉장/냉동,냉장 0~4℃ / 냉동 -18℃ 이하,냉장 1일 / 냉동 2~3개월. 통조림은 개봉 전 실온 1~2년,통조림 제품이 일반적. 생것은 삶아서 소분 냉동,소면 / 오이 / 대파,-,무침 / 국물요리 / 조림,✓,✓
30,곶감,냉동(권장) / 냉장,-18℃ 이하 / 냉장 0~4℃,냉동 3~6개월 / 냉장 1~3주 / 실온 3~7일,실온은 곰팡이 위험. 반건시는 수분 많아 냉동 필수. 밀폐용기·지퍼백,호두 / 수정과 / 견과류,-,생식 / 수정과 / 쌈,✓,✓
31,국간장,실온/냉장,실온 건냉소 / 개봉 후 냉장,개봉 전 2~3년 / 개봉 후 냉장 1~2년,국·찌개용. 염도 높음. 개봉 후 냉장 권장,멸치 / 다시마 / 나물,-,국물 간하기 / 나물 무침,✓,✓
32,국거리소고기,냉장/냉동,냉장 0~4℃ / 냉동 -18℃ 이하,냉장 3~5일 / 냉동 3~6개월,국·찌개용. 소분하여 냉동 권장,무 / 배추 / 대파,-,국 / 탕 / 찌개,✓,✓
33,굴,냉장/냉동,냉장 0~4℃ / 냉동 -18℃ 이하,냉장 2~3일 / 냉동 최대 6개월,생굴은 봉지 그대로 또는 소금물과 밀폐. 세척 후 물과 함께 냉동. 재냉동 금지. 노로바이러스 주의,레몬 / 무 / 초고추장,-,생식 / 전 / 국,✓,✓
34,굴비,냉장/냉동,냉장 0~4℃ / 냉동 -18℃ 이하,냉장 2주 / 냉동 3~6개월,염장 건조된 조기. 염분으로 저장성 있음. 랩에 감싸 냉동 보관,쌀밥 / 고추장 / 녹차,-,구이 / 찜,✓,✓
35,굴소스,냉장,0~10℃,개봉 전 유통기한 / 개봉 후 냉장 6개월,개봉 후 반드시 냉장,가지 / 숙주 / 해산물,-,볶음 / 소스 / 양념,✓,✓
36,귀리,실온,밀폐 건냉소,밀폐 실온 6개월~1년,밀폐 보관. 습기 주의,우유 / 꿀 / 견과류,-,죽 / 시리얼 / 베이킹,✓,✓
37,귤,실온/냉장,실온 10~15℃ / 냉장 5~10℃,실온 1~2주 / 냉장 2~4주,서늘한 곳 보관. 실온에서 당도 유지. 냉장 시 건조 주의,꿀 / 생강 / 유자,-,생식 / 차 / 청,✓,✓
38,그릭요거트,냉장,0~4℃,개봉 전 유통기한 / 개봉 후 5~7일,걸러진 요거트로 저장성 약간 좋음. 밀봉 보관,꿀 / 견과류 / 과일,-,생식 / 드레싱 / 디저트,✓,✓
39,김,실온(마른김)/냉동,밀폐 건냉소 / -18℃ 이하,마른김 실온 6개월~1년 / 조미김 실온 1~2주 / 냉동 6개월,마른김은 밀폐+제습제로 실온 장기보관. 조미김은 기름 산패로 빠름. 습기 시 눅눅,밥 / 참기름 / 간장,기름,구이 / 조미 / 김밥,✓,✓
40,김가루,실온,밀폐 건냉소,개봉 전 6개월~1년 / 개봉 후 1~3개월,밀폐 필수. 습기·산패 주의,밥 / 주먹밥 / 계란말이,-,토핑 / 무침,✓,✓
41,김치,냉장,0~4℃ (김치냉장고 권장),김치냉장고 6개월 이상 / 일반 냉장 2~3주,발효 진행. 김치냉장고 최적. 묵은지는 1년 이상,두부 / 돼지고기 / 라면,-,찌개 / 볶음 / 두루치기,✓,✓
42,김치국물,냉장,0~4℃,1~2주,밀봉 냉장,소면 / 밥 / 오이,-,국물 베이스 / 양념,✓,✓
43,까나리액젓,실온/냉장,실온 건냉소 / 개봉 후 냉장,개봉 전 2~3년 / 개봉 후 냉장 1~2년,발효식품. 개봉 후 냉장 권장. 직사광선 피하기,김치 / 나물 / 깻잎조림,-,김치 양념 / 무침 양념,✓,✓
44,깍두기,냉장,0~4℃ (김치냉장고 권장),김치냉장고 3~6개월,김치냉장고 권장,설렁탕 / 곰탕 / 순대국,-,반찬 / 볶음밥,✓,✓
45,깨,실온/냉장,밀폐 건냉소 / 냉장,실온 3~6개월 / 냉장 1년,밀폐 필수,나물 무침 / 비빔밥 / 떡 고명,-,토핑 / 볶음 / 무침,✓,✓
46,깻잎,냉장,5~10℃ (냉장고 문쪽),1~3주,농진청: 잎자루를 물 적신 종이로 감싸 지퍼백 세워 보관. 1~4℃ 저온장해 주의,삼겹살 / 불고기 / 돼지고기,-,쌈 / 장아찌 / 무침,✓,✓
47,꼬막,냉장/냉동,냉장 0~4℃ / 냉동 -18℃ 이하,냉장 1~2일 / 냉동 2~3개월,삶은 후 알맹이만 발라 냉동 가능. 생것은 해감 필수,쪽파 / 미나리 / 간장,-,삶기 / 무침 / 비빔,✓,✓
48,꽁치,냉장/냉동,냉장 0~4℃ / 냉동 -18℃ 이하,냉장 1~2일 / 냉동 2~3개월,등푸른 기름진 생선. 히스타민 위험. 구입 즉시 손질 후 냉동 권장,김치 / 무 / 대파,-,구이 / 조림 / 통조림 요리,✓,✓
49,꽃게,냉장/냉동,냉장 0~4℃ / 냉동 -18℃ 이하,냉장 1일 / 냉동 최대 10개월,갑각류는 비교적 장기 냉동 가능(해수부). 손질 후 지퍼백 밀봉. 간장게장은 냉장 1~2주,간장 / 고춧가루 / 대파,-,찜 / 탕 / 간장게장,✓,✓
50,꽈리고추,냉장,0~5℃,1~2주,밀폐 냉장,멸치 / 간장 / 꿀,-,볶음 / 조림 / 찜,✓,✓
51,꿀,실온,15~25℃ 건냉소,개봉 후에도 2년 이상 (사실상 무기한),천연 방부 효과. 결정화는 중탕으로 복원. 냉장 X(굳음),생강 / 레몬 / 마늘,홍차·녹차,차 / 드레싱 / 베이킹,✓,✓
52,낙지,냉장/냉동,냉장 0~4℃ / 냉동 -18℃ 이하,냉장 1일 / 냉동 2~3개월,선도 매우 중요. 살아있을 때 구입 권장. 손질 후 즉시 소분 냉동,콩나물 / 마늘 / 미나리,-,볶음 / 연포탕 / 구이,✓,✓
53,냉면사리,냉장/냉동,냉장 0~4℃ / 냉동 -18℃,냉장 3~5일 / 냉동 2~3개월,생면. 개봉 후 빠른 사용,육수 / 오이 / 배,-,삶기 / 비빔 / 말이,✓,✓
54,냉이,냉장/냉동,냉장 0~4℃ / 냉동 -18℃,냉장 3~5일 / 데쳐서 냉동 3~6개월,흙 제거 후 밀봉 냉장,된장 / 두부 / 들기름,-,된장국 / 무침 / 전,✓,✓
55,녹두,실온,밀폐 건냉소,밀폐 실온 1~2년,밀폐 보관. 빈대떡 재료,돼지기름 / 김치 / 숙주,-,빈대떡 / 죽 / 청포묵,✓,✓
56,녹차가루,실온/냉장,밀폐 건냉소 / 냉장,실온 6개월 / 냉장 1년,산화 빠름. 냉장 권장. 밀폐 필수,우유 / 팥 / 화이트초콜릿,-,음료 / 베이킹 / 아이스크림,✓,✓
57,뉴슈가,실온,밀폐 건냉소,개봉 전 유통기한 / 개봉 후 1년,사카린 감미료. 밀폐 보관,김치 담금 / 장아찌,-,감미료,✓,✓
58,느타리버섯,냉장/냉동,냉장 0~4℃ / 냉동 -18℃,냉장 3~5일 / 냉동 3~6개월,키친타월 감싸 냉장. 산패·변질 빠름,소고기 / 마늘 / 들기름,-,볶음 / 전 / 찌개,✓,✓
59,다시다,실온,밀폐 건냉소,개봉 전 유통기한 / 개봉 후 6개월~1년,가루 형태. 밀폐 필수. 습기 주의,국물요리 전반 / 찌개 / 나물 무침,-,조미료 / 간 보조,✓,✓
60,다시마,실온,밀폐 건냉소,1~2년,건조 해조류. 밀폐 필수. 습기 주의,가쓰오부시 / 멸치 / 북어,-,우리기 / 국물내기 / 튀각,✓,✓
61,다시팩,실온,밀폐 건냉소,개봉 전 1년 / 개봉 후 6개월,건조 팩. 밀폐 필수,멸치 + 다시마 + 무 + 대파 / 국물 요리 전반,-,우리기 / 국물 베이스,✓,✓
62,다진돼지고기,냉장/냉동,냉장 0~4℃ / 냉동 -18℃ 이하,냉장 1~2일 / 냉동 3~4개월,USDA 기준: 다진 고기 2일 이내 소비 또는 냉동,두부 / 부추 / 새우젓,-,완자 / 볶음 / 만두소,✓,✓
63,다진마늘,냉장/냉동,냉장 0~4℃ / 냉동 -18℃,냉장 1~2주 / 냉동 3~6개월,시판은 개봉 후 1~2주. 소분 냉동 권장,고기 양념 전반 / 김치 담금 / 나물 무침,-,양념 베이스 / 볶음 시작 / 무침,✓,✓
64,다진생강,냉장/냉동,냉장 0~4℃ / 냉동 -18℃,냉장 1주 / 냉동 3~6개월,소분 냉동 권장,생선 / 돼지고기 / 꿀,-,양념 / 재움 / 차,✓,✓
65,다진소고기,냉장/냉동,냉장 0~4℃ / 냉동 -18℃ 이하,냉장 1~2일 / 냉동 3~4개월,USDA: 다진 고기는 2일 이내 소비 또는 냉동. 표면적 넓어 산패·세균 번식 빠름,양파 / 두부 / 당근,-,완자 / 미트볼 / 볶음,✓,✓
66,다크초콜릿,실온,15~20℃ 건냉소,1~2년,고온 시 블룸 현상. 냉장 비권장,견과류 / 딸기 / 오렌지,-,생식 / 베이킹 / 디저트,✓,✓
67,단무지,냉장,0~4℃,개봉 전 유통기한 / 개봉 후 냉장 1~2개월,개봉 후 냉장,김밥 / 잡채 / 라면,-,김밥 속 / 생식 / 볶음,✓,✓
68,단호박,실온/냉장,10~15℃ / 자른 후 냉장,통째 실온 1~2개월 / 자른 것 냉장 1주,통째로는 서늘한 곳 장기 보관 가능,닭가슴살 / 우유 / 양파,-,찜 / 수프 / 샐러드,✓,✓
69,달래,냉장,0~4℃,5~7일,흙 제거 후 키친타월에 감싸 냉장,된장 / 간장 / 두부,-,무침 / 된장국 / 양념장,✓,✓
70,닭가슴살,냉장/냉동,냉장 0~4℃ / 냉동 -18℃ 이하,냉장 1~2일 / 냉동 6~9개월,USDA: 닭고기 냉장 1~2일 / 냉동 9개월(부위),브로콜리 / 단호박 / 레몬,-,구이 / 삶기 / 샐러드,✓,✓
71,닭고기,냉장/냉동,냉장 0~4℃ / 냉동 -18℃ 이하,냉장 1~2일 / 냉동 통닭 12개월 / 부위 9개월,USDA 공식 기준. 2일 이내 사용 또는 냉동. 재냉동 맛·식감 변화,인삼 / 대추 / 마늘 / 찹쌀,-,삼계탕 / 백숙 / 튀김,✓,✓
72,닭날개,냉장/냉동,냉장 0~4℃ / 냉동 -18℃ 이하,냉장 1~2일 / 냉동 9개월,USDA: 닭고기 부위 냉동 9개월,마늘 / 간장 / 버터,-,튀김 / 구이 / 조림,✓,✓
73,닭다리,냉장/냉동,냉장 0~4℃ / 냉동 -18℃ 이하,냉장 1~2일 / 냉동 9개월,USDA: 닭고기 부위 냉동 9개월,감자 / 당근 / 양파,-,찜닭 / 조림 / 구이,✓,✓
74,닭다리살,냉장/냉동,냉장 0~4℃ / 냉동 -18℃ 이하,냉장 1~2일 / 냉동 9개월,뼈 제거된 닭다리살. 진공포장 시 냉장 1주,양파 / 간장 / 대파,-,구이 / 볶음 / 덮밥,✓,✓
75,당근,냉장,0℃,2~3개월,농진청: 건조한 상태 유지. 키친타월·신문지로 감싸 밀폐,기름 / 소고기 / 양파,-,볶음 / 생식 / 찜,✓,✓
76,당면,실온,밀폐 건냉소,1~2년,건면. 밀폐 보관,소고기 / 시금치 / 당근 / 양파,-,잡채 / 찜닭 / 불고기전골,✓,✓
77,대추,실온/냉장/냉동,밀폐 건냉소 / 냉장 0~4℃,말린 대추 실온 1년 / 냉장 1~2년 / 냉동 2년,말린 대추 기준. 생대추는 냉장 1주,생강 / 인삼 / 꿀,-,차 / 고명 / 영양밥,✓,✓
78,대파,냉장/냉동,냉장 0~5℃ / 냉동 -18℃,냉장 1~2주 / 냉동 3개월,뿌리 남기면 시듦 지연. 흙 묻은 채 비닐보관,국물요리 전반 / 삼겹살 / 매운탕,-,양념 / 고명 / 볶음,✓,✓
79,대패삼겹살,냉장/냉동,냉장 0~4℃ / 냉동 -18℃ 이하,냉장 3~5일 / 냉동 3~6개월,얇아서 산패 빠름. 소분하여 냉동,숙주 / 마늘 / 상추 / 김치,-,볶음 / 구이 / 쌈,✓,✓
80,도미,냉장/냉동,냉장 0~4℃ / 냉동 -18℃ 이하,냉장 1~2일 / 냉동 3~6개월,흰살 생선. 회용은 당일 섭취. 손질 후 소분 냉동,무 / 쑥갓 / 생강,-,구이 / 조림 / 회,✓,✓
81,도토리묵,냉장,0~4℃,개봉 전 유통기한 / 개봉 후 2~3일,수분 많아 변질 빠름,김가루 / 오이 / 양념간장,-,무침 / 샐러드 / 국물요리,✓,✓
82,돈까스소스,실온/냉장,실온 건냉소 / 개봉 후 냉장,개봉 전 유통기한 / 개봉 후 냉장 6개월,개봉 후 냉장,돈까스 / 함박스테이크 / 오므라이스,-,찍먹 / 뿌리기,✓,✓
83,돌나물,냉장,0~4℃,3~5일,수분 많음. 밀봉 냉장,초고추장 / 물김치 / 된장,-,물김치 / 무침 / 생식,✓,✓
84,동태,냉동,-18℃ 이하,6개월,명태를 냉동한 것. 해동 후 즉시 조리. 재냉동 금지,무 / 두부 / 대파,-,찌개 / 전 / 찜,✓,✓
85,돼지 갈매기살,냉장/냉동,냉장 0~4℃ / 냉동 -18℃ 이하,냉장 3~5일 / 냉동 4~6개월,구이용. 희소 부위. 진공포장 시 냉장 2주,소금 / 마늘 / 상추,-,구이 / 쌈,✓,✓
86,돼지 갈비,냉장/냉동,냉장 0~4℃ / 냉동 -18℃ 이하,냉장 3~5일 / 냉동 4~6개월,진공포장 시 냉장 2주. 양념 후 냉동 시 2~3개월,배 / 양파 / 마늘 / 사과,-,구이 / 찜 / 양념구이,✓,✓
87,돼지 뒷다리,냉장/냉동,냉장 0~4℃ / 냉동 -18℃ 이하,냉장 3~5일 / 냉동 4~6개월,장조림·제육용. 진공포장 시 냉장 2주,마늘 / 양배추 / 새우젓,-,수육 / 보쌈 / 볶음,✓,✓
88,돼지 등뼈,냉장/냉동,냉장 0~4℃ / 냉동 -18℃ 이하,냉장 2~3일 / 냉동 4~6개월,감자탕용. 핏물 제거 후 소분 냉동,감자 / 우거지 / 깻잎 / 들깨가루,-,감자탕 / 뼈해장국 / 찜,✓,✓
89,돼지 등심,냉장/냉동,냉장 0~4℃ / 냉동 -18℃ 이하,냉장 3~5일 / 냉동 4~6개월,돈까스·구이용. 진공포장 시 냉장 2주,빵가루 / 양배추 / 레몬,-,돈까스 / 스테이크 / 구이,✓,✓
90,돼지 목살,냉장/냉동,냉장 0~4℃ / 냉동 -18℃ 이하,냉장 3~5일 / 냉동 4~6개월,구이용. 진공포장 시 냉장 2주,상추 / 마늘 / 된장 / 부추,-,구이 / 찜 / 스테이크,✓,✓
91,돼지 안심,냉장/냉동,냉장 0~4℃ / 냉동 -18℃ 이하,냉장 3~5일 / 냉동 4~6개월,돈까스·스테이크용. 진공포장 시 냉장 2주,허브 / 레몬 / 올리브유,-,구이 / 로스트 / 튀김,✓,✓
92,돼지 앞다리살,냉장/냉동,냉장 0~4℃ / 냉동 -18℃ 이하,냉장 3~5일 / 냉동 4~6개월,볶음·찌개용. 진공포장 시 냉장 2주,김치 / 양념장 / 고추장,-,수육 / 제육볶음 / 볶음,✓,✓
93,돼지 항정살,냉장/냉동,냉장 0~4℃ / 냉동 -18℃ 이하,냉장 3~5일 / 냉동 4~6개월,구이용 희소 부위. 진공포장 시 냉장 2주,부추 / 마늘 / 된장,-,구이 / 쌈,✓,✓
94,돼지고기,냉장/냉동,냉장 0~4℃ / 냉동 -18℃ 이하,냉장 3~5일 / 냉동 4~6개월,진공포장 시 냉장 2주 가능. 핑크빛 유지 확인,새우젓 / 부추 / 김치 / 표고버섯,-,구이 / 볶음 / 찜 / 수육,✓,✓
95,된장,냉장,0~10℃,개봉 전 유통기한(1~2년) / 개봉 후 냉장 6개월~1년,발효식품. 냉장 시 곰팡이 없으면 장기보관. 표면에 물이 고이지 않게,부추 / 두부 / 냉이,-,찌개 / 쌈장 / 무침,✓,✓
96,두릅,냉장/냉동,냉장 0~4℃ / 냉동 -18℃,냉장 2~3일 / 데쳐서 냉동 3개월,제철 짧은 봄나물. 데쳐서 냉동 권장,초고추장 / 삼겹살 / 소고기,-,데침 / 무침 / 튀김,✓,✓
97,두반장,냉장,0~10℃,개봉 전 유통기한 / 개봉 후 냉장 6개월~1년,중국식 고추 된장. 개봉 후 냉장 필수,두부 / 중화요리 / 가지,-,중화볶음 / 소스 / 양념,✓,✓
98,두부,냉장,0~4℃,개봉 전 유통기한 / 개봉 후 2~3일,개봉 후 소금물에 잠기게 보관하면 4~5일. 매일 물 교체,김치 / 미역 / 부추,-,찌개 / 부침 / 조림,✓,✓
99,두유,실온/냉장,개봉 전 실온 / 개봉 후 냉장 0~4℃,개봉 전 유통기한 / 개봉 후 2~3일,멸균팩은 실온 가능. 개봉 후 반드시 냉장,시리얼 / 커피 / 과일,-,음용 / 라떼 / 수프,✓,✓
100,들기름,냉장,0~10℃,개봉 전 6개월 / 개봉 후 1~2개월,오메가-3 풍부로 산패 매우 빠름. 반드시 냉장. 차광(종이봉투/호일로 병 감싸기),나물 / 김 / 밥 / 들깨가루,-,무침 / 비빔 / 볶음,✓,✓
101,들깨가루,냉장/냉동,냉장 0~4℃ / 냉동 -18℃,냉장 1~3개월 / 냉동 6개월,산패 매우 빠름. 냉장·냉동 필수,미역국 / 감자탕 / 우거지 / 칼국수,-,국물 토핑 / 무침 / 가루,✓,✓
102,딜,냉장,0~4℃,1주,젖은 키친타월 감싸 냉장,연어 / 요거트 / 감자,-,드레싱 / 양념 / 피클,✓,✓
103,딸기,냉장,0~4℃,3~5일,농진청: 꼭지 유지하고 씻지 않은 채 냉장. 먹기 직전 세척. 곰팡이 주의,우유 / 요거트 / 연유,-,생식 / 잼 / 스무디,✓,✓
104,땅콩,실온/냉장/냉동,실온 밀폐 / 냉장 / 냉동,실온 1~3개월 / 냉장 6개월 / 냉동 1~2년,산패 방지. 밀폐 보관. 장기 보관 시 냉장·냉동,견과류 믹스 / 꿀 / 초콜릿,맥주,볶음 / 가루 내기 / 소스,✓,✓
105,땅콩버터,실온/냉장,실온 건냉소 / 개봉 후 냉장,개봉 후 실온 3개월 / 냉장 6개월~1년,산패 방지. 수분 매우 낮아 저장성 좋음,바나나 / 식빵 / 셀러리,-,스프레드 / 소스 / 쿠키,✓,✓
106,떡,냉동,-18℃ 이하,2~3개월,식약처: 실온 당일 / 냉장 시 전분 노화로 딱딱해짐. 냉동 필수,김치 / 꿀 / 조청 / 김,-,떡국 / 구이 / 볶음,✓,✓
107,떡국떡,냉동,-18℃ 이하,2~3개월,실온 당일. 밀봉 냉동,소고기 / 만두 / 계란 / 김,-,떡국 / 떡만둣국,✓,✓
108,떡볶이떡,냉장/냉동,냉장 0~4℃ / 냉동 -18℃,냉장 3~5일 / 냉동 2~3개월,밀봉 보관. 냉장 시 굳음 주의,어묵 / 고추장 / 양배추,-,떡볶이 / 구이 / 조림,✓,✓
109,또띠아,실온/냉장/냉동,실온 밀폐 / 냉장 / 냉동,개봉 전 유통기한 / 개봉 후 냉장 1주 / 냉동 2~3개월,밀봉 보관. 건조 시 딱딱해짐,치즈 / 살사 / 아보카도 / 닭고기,-,부리또 / 타코 / 퀘사디야,✓,✓
110,라면,실온,밀폐 건냉소,개봉 전 유통기한(6개월 이상) / 개봉 후 3개월,식약처 기준. 직사광선·고온 피하기,김치 / 계란 / 파 / 떡,콜라,끓이기 / 비빔 / 볶음,✓,✓
111,라이스페이퍼,실온,밀폐 건냉소,1~2년,건조품. 밀폐 보관. 습기 주의,새우 / 숙주 / 고수,-,월남쌈 / 튀김,✓,✓
112,레몬,실온/냉장,실온 10~15℃ / 냉장 5~10℃,실온 1주 / 냉장 3~4주,밀봉하면 냉장 더 오래 보관 가능,굴 / 생선 / 꿀,-,즙 짜기 / 제스트 / 드레싱,✓,✓
113,레몬즙,냉장/냉동,냉장 0~4℃ / 냉동 -18℃,개봉 후 냉장 4~6개월 / 냉동 1년,시판 제품. 산도 높아 저장성 좋음,생선 / 샐러드 / 홍차,-,드레싱 / 양념 / 음료,✓,✓
114,로즈마리,냉장,0~4℃,2~3주,비교적 오래감. 젖은 키친타월 감싸 냉장. 건조품도 유통,양고기 / 감자 / 올리브유,-,오븐구이 / 향 내기 / 허브,✓,✓
115,마늘,실온/냉장/냉동,실온 10~15℃ 그늘 / 냉장 0~4℃,통마늘 실온 1개월 / 냉장 몇 개월 / 다진 것 냉동 3개월,농진청: 그물망에 담아 10~15℃. 냉장한 마늘은 실온 이동 시 싹 틈,꿀 / 돼지고기 / 고기 양념 전반 / 고추장,-,양념 / 볶음 / 구이,✓,✓
116,마늘가루,실온,밀폐 건냉소,2~3년,밀폐 필수,스테이크 시즈닝 / 파스타 / 수프,-,양념 / 간 맞춤,✓,✓
117,마늘쫑,냉장,0~4℃,2~3주,키친타월 감싸 밀봉 냉장,멸치 / 간장 / 건새우,-,볶음 / 장아찌 / 무침,✓,✓
118,마라소스,실온/냉장,실온 건냉소 / 개봉 후 냉장,개봉 전 유통기한 / 개봉 후 냉장 6개월,중국식 소스. 개봉 후 냉장,소고기 / 두부 / 분모자,-,마라탕 / 훠궈 / 마라샹궈,✓,✓
119,마요네즈,냉장,0~4℃,개봉 전 유통기한 / 개봉 후 냉장 2~3개월,계란 성분 있음. 반드시 냉장. 이중 스쿱 금지(오염),계란 / 참치 / 감자,-,드레싱 / 소스 / 무침,✓,✓
120,만두,냉동,-18℃ 이하,6~9개월,냉동 제품이 일반적. 해동 후 재냉동 금지,초간장 / 김치 / 떡국떡,-,찜 / 튀김 / 국,✓,✓
121,만두피,냉장/냉동,냉장 0~4℃ / 냉동 -18℃,냉장 3~5일 / 냉동 2~3개월,생 반죽. 밀봉 보관,다진 돼지고기 / 부추 / 두부 / 김치,-,만두 빚기 / 튀김 / 찜,✓,✓
122,맛살,냉장/냉동,냉장 0~4℃ / 냉동 -18℃,개봉 전 유통기한 / 개봉 후 3~5일 / 냉동 1~2개월,어육가공품. 개봉 후 빠른 사용,오이 / 마요네즈 / 계란,-,샐러드 / 김밥 속 / 볶음,✓,✓
123,맛소금,실온,밀폐 건냉소,무기한(밀폐 시),밀폐 보관. 습기 주의,구이 / 나물 무침 / 국물,-,간 맞춤 / 양념,✓,✓
124,맛술,실온,건냉소,개봉 전 2~3년 / 개봉 후 1년,알코올 성분. 직사광선 피하기,생선 / 고기 재움 / 조림 양념,-,재움 / 조림 / 양념,✓,✓
125,망고,실온(숙성) → 냉장(후숙 완료 후),숙성 18℃ / 후숙 후 냉장 10℃,실온 3~4일 숙성 / 후숙 후 냉장 3~5일,농진청: 18℃에서 3~4일 숙성. 후숙 완료 시 신문지에 싸서 냉장,요거트 / 찹쌀 / 라임,-,생식 / 스무디 / 샐러드,✓,✓
126,망고주스,실온(미개봉)/냉장,실온 / 냉장 0~4℃,개봉 전 유통기한 / 개봉 후 냉장 7~10일,개봉 후 밀봉 냉장,요거트 / 탄산수,-,음용 / 칵테일,✓,✓
127,매생이,냉장/냉동,냉장 0~4℃ / 냉동 -18℃ 이하,냉장 2~3일 / 냉동 3~6개월,겨울 해조류. 한번 먹을 양씩 소분 냉동. 해동 후 즉시 조리,굴 / 두부 / 청양고추,-,국 / 전 / 떡국,✓,✓
128,매실,냉장/냉동,냉장 0~4℃ / 냉동 -18℃,냉장 1~2주 / 냉동 6개월,생매실은 빠른 사용. 청 담그기 용도,설탕 / 소주 / 고추장,-,청 담그기 / 장아찌 / 술,✓,✓
129,매실청,냉장,0~10℃,1~2년,발효 진행. 냉장 필수,고기 양념 / 탄산수 / 드레싱,-,양념 / 음료 / 드레싱,✓,✓
130,맥주,실온/냉장,실온 건냉소 / 냉장,캔·병 1년 / 페트·생맥주 6개월,품질유지기한. 직사광선 피하기. 개봉 후 빠른 섭취,치킨 / 소시지 / 프레첼,땅콩·새우·조개,음용 / 반죽 / 조림,✓,✓
131,머스타드,실온/냉장,실온 건냉소 / 개봉 후 냉장,개봉 전 유통기한 / 개봉 후 냉장 1년,산도 높아 저장성 좋음. 개봉 후 냉장,햄 / 소시지 / 감자,-,소스 / 드레싱 / 양념,✓,✓
132,멍게,냉장,0~4℃,구입 당일,살아있을 때 구입. 회용. 냉동 비권장(맛 손실),초고추장 / 밥 / 참기름,-,회 / 비빔밥 / 무침,✓,✓
133,메밀면,실온/냉장,밀폐 건냉소 / 냉장,건면 실온 1~2년 / 생면 냉장 3~5일,건면이 일반적,무즙 / 쯔유 / 김,-,삶기 / 비빔 / 냉면,✓,✓
134,메이플시럽,실온/냉장,실온 건냉소(미개봉) / 냉장,개봉 전 1년 / 개봉 후 냉장 1년,천연 시럽. 개봉 후 반드시 냉장,팬케이크 / 와플 / 베이컨,-,시럽 / 드레싱 / 마리네이드,✓,✓
135,메추리알,냉장,0~5℃ 이하,산란일부터 3~5주,식약처 계란 기준 준용. 씻지 않고 보관,간장 / 멸치 / 피망,-,삶기 / 장조림 / 꼬치,✓,✓
136,멜론,실온→냉장,실온 / 후숙 후 냉장 2~5℃,실온 숙성 / 후숙 후 냉장 1주,농진청: 2~5℃ 저장. 후숙 완료 후 냉장,프로슈토 / 요거트,-,생식 / 주스 / 화채,✓,✓
137,멸치,실온/냉장/냉동,밀폐 건냉소 / 냉장 / 냉동,실온 1~2개월 / 냉장 6개월 / 냉동 1년,건조 멸치. 냉장·냉동 권장. 산패 주의,견과류 / 고추장 / 다시마,-,국물 / 볶음 / 무침,✓,✓
138,멸치액젓,실온/냉장,실온 건냉소 / 개봉 후 냉장,개봉 전 2~3년 / 개봉 후 냉장 1~2년,발효식품. 개봉 후 냉장 권장,김치 / 나물 / 배추,-,김치 양념 / 무침,✓,✓
139,멸치육수,냉장/냉동,냉장 0~4℃ / 냉동 -18℃,냉장 2~3일 / 냉동 1~2개월,직접 낸 육수. 소분 냉동 권장,국수 / 떡국 / 된장찌개,-,국물 베이스,✓,✓
140,명란젓,냉장/냉동,냉장 0~4℃ / 냉동 -18℃,냉장 1~2주 / 냉동 3~6개월,개봉 후 빠른 섭취. 장기는 냉동,밥 / 계란말이 / 파스타,-,밥반찬 / 구이 / 파스타,✓,✓
141,명태,냉장/냉동,냉장 0~4℃ / 냉동 -18℃ 이하,냉장 1~2일 / 냉동 최대 6개월,기름 적은 흰살 생선. 동태·황태·북어·코다리 등 가공 형태에 따라 다름,무 / 두부 / 대파,-,찌개 / 전 / 찜,✓,✓
142,모짜렐라치즈,냉장,0~4℃,개봉 후 생모차렐라 3~5일 / 슈레드 1~2주,생모차렐라는 액체 속 보관,토마토 / 바질 / 올리브유 / 피자,-,녹이기 / 피자 / 샐러드,✓,✓
143,목이버섯,실온(건조)/냉장(생),건조 실온 / 생 냉장 0~4℃,건조 1년 / 생 냉장 5~7일,건조 제품이 일반적. 불려서 사용,잡채 / 해파리냉채 / 팔보채,-,불리기 / 볶음 / 무침,✓,✓
144,무,냉장,0℃,2~3주,농진청: 0℃ 저장. 잎 제거 후 신문지로 감싸 냉장,생선 / 메밀 / 소고기,-,국 / 조림 / 생채,✓,✓
145,무청,냉장/냉동,냉장 0~4℃ / 냉동 -18℃,생 냉장 3일 / 데쳐서 냉동 6개월,시래기 재료. 데쳐서 냉동 가능,된장 / 들깨가루 / 고등어,-,말려 시래기 / 된장국 / 나물,✓,✓
146,묵은지,냉장,0~4℃ (김치냉장고 권장),김치냉장고 1년 이상,오래 발효된 김치. 김치냉장고 최적,돼지고기 / 고등어 / 참치,-,찜 / 볶음 / 찌개,✓,✓
147,문어,냉장/냉동,냉장 0~4℃ / 냉동 -18℃ 이하,냉장 1~2일 / 냉동 2~3개월,삶아서 소분 냉동 권장. 해동 후 재냉동 금지,초고추장 / 무 / 감자,고사리,숙회 / 볶음 / 샤브샤브,✓,✓
148,물,실온/냉장,실온 건냉소 / 냉장,생수 유통기한 / 개봉 후 1~2주,직사광선 피하기. 개봉 후 냉장 권장,모든 요리의 기본,-,끓이기 / 희석,✓,✓
149,물엿,실온,밀폐 건냉소,개봉 전 유통기한 / 개봉 후 6개월~1년,냉장 불필요. 굳음 방지 위해 실온,조림 / 장조림 / 떡볶이,-,양념 / 윤기 내기,✓,✓
150,미나리,냉장,0~4℃,5~7일,물에 담가 냉장. 또는 젖은 신문지 감싸,복어 / 아귀찜 / 삼겹살,-,무침 / 전 / 탕 고명,✓,✓
151,미림,실온,건냉소,개봉 전 2~3년 / 개봉 후 1년,일본식 조리용 술,생선 조림 / 일식 요리 / 데리야끼,-,조림 / 양념 / 데리야끼,✓,✓
152,미소된장,냉장,0~10℃,개봉 전 유통기한 / 개봉 후 냉장 6개월~1년,일본식 된장. 발효식품. 개봉 후 냉장,두부 / 미역 / 연어,-,국 / 양념 / 드레싱,✓,✓
153,미역,실온,밀폐 건냉소,건조 1~2년,건조 해조류. 밀폐 필수. 습기 주의,두부 / 소고기 / 굴,-,국 / 무침 / 냉국,✓,✓
154,미역줄기,냉장,0~4℃,염장품 냉장 6개월~1년 / 개봉 후 1~2주,주로 염장 제품. 개봉 후 밀봉 냉장,참기름 / 마늘 / 간장,-,볶음 / 무침,✓,✓
155,미원,실온,밀폐 건냉소,개봉 전 유통기한 / 개봉 후 1년,MSG. 밀폐 보관. 습기 주의,국물 요리 전반,-,조미료,✓,✓
156,미트볼,냉장/냉동,냉장 0~4℃ / 냉동 -18℃ 이하,냉장 3~4일(조리 후) / 냉동 2~3개월,조리 후 냉장. 재료는 다진 고기 기준(1~2일),토마토소스 / 파스타 / 빵,-,구이 / 튀김 / 스튜,✓,✓
157,밀가루,실온,밀폐 건냉소,개봉 전 1년 / 개봉 후 6개월 / 통밀은 3개월,밀폐 필수. 습기·벌레 주의. 통밀은 산패 빠름,이스트 / 버터 / 계란,-,반죽 / 튀김옷 / 수제비,✓,✓
158,바게트,실온/냉동,실온 건냉소 / 냉동 -18℃,실온 1~2일 / 냉동 1~2개월,빠른 섭취 권장. 굳으면 오븐 데우기,버터 / 치즈 / 올리브유,-,샌드위치 / 구이 / 수프,✓,✓
159,바나나,실온,11~15℃ (냉장 시 저온장해),검은 반점 후 3일 이내 섭취,농진청: 냉장 시 저온장해로 껍질 검게 변함. 꼭지 랩으로 감싸면 숙성 지연,우유 / 땅콩버터 / 꿀,-,생식 / 스무디 / 베이킹,✓,✓
160,바베큐소스,실온/냉장,실온 건냉소 / 개봉 후 냉장,개봉 전 유통기한 / 개봉 후 냉장 4개월,개봉 후 냉장 필수,돼지 등갈비 / 치킨 / 햄버거,-,양념 / 소스 / 글레이즈,✓,✓
161,바지락,냉장/냉동,냉장 0~4℃ / 냉동 -18℃ 이하,냉장 1~2일 / 냉동 2~3개월,해감 후 지퍼백 밀봉. 염도 3% 소금물로 2시간 이상 해감,미역 / 파스타 / 마늘,-,국 / 찜 / 파스타,✓,✓
162,바질,냉장,4~10℃ (저온 민감),5~7일,0℃ 저장 시 갈변. 물 컵에 담가 실온 가능,토마토 / 모짜렐라 / 올리브유,-,페스토 / 샐러드 / 가니시,✓,✓
163,바질페스토,냉장/냉동,냉장 0~4℃ / 냉동 -18℃,개봉 후 냉장 1~2주 / 냉동 3~6개월,바질 산화 빠름. 윗면에 올리브유 도포 가능,파스타 / 빵 / 닭가슴살,-,소스 / 드레싱 / 비빔,✓,✓
164,박력분,실온,밀폐 건냉소,개봉 전 1년 / 개봉 후 6개월,밀폐 필수. 제과용,버터 / 설탕 / 계란,-,케이크 / 쿠키 / 튀김옷,✓,✓
165,발사믹,실온,밀폐 건냉소,개봉 전 3~5년 / 개봉 후 2~3년,발효 식초. 직사광선 피하기. 냉장 불필요,올리브유 / 토마토 / 딸기,-,드레싱 / 글레이즈 / 소스,✓,✓
166,밤,냉장/냉동,냉장 0~4℃ / 냉동 -18℃,생밤 냉장 1개월 / 냉동 6개월,냉장 시 수분 유지. 깐 밤은 물에 담가 냉장,대추 / 꿀 / 찹쌀,-,삶기 / 구이 / 영양밥,✓,✓
167,밥,실온/냉장/냉동,실온 2시간 내 / 냉장 0~4℃ / 냉동 -18℃,실온 당일 / 냉장 2~3일 / 냉동 1개월,식약처: 상온 방치 시 세균 번식. 냉장 시 전분 노화. 냉동이 맛 유지 가장 나음,김 / 김치 / 계란,-,짓기 / 볶음 / 비빔,✓,✓
168,방울토마토,실온/냉장,실온 10~15℃ / 냉장 5~10℃,실온 5~7일 / 냉장 1~2주,실온 우선. 장기 보관 시 냉장,모짜렐라 / 바질 / 올리브유,-,생식 / 구이 / 샐러드,✓,✓
169,배,냉장(김치냉장고 권장),0℃ / 상대습도 90~95%,1~3개월,농진청 기준. 김치냉장고 적합. 에틸렌 민감 품목과 분리 보관,고기 양념 / 무침 / 생강,-,생식 / 양념 / 음료,✓,✓
170,배추,냉장,0℃ / 습도 90~95%,2~3주,농진청: 투명 비닐/랩 포장. 0℃ 유지가 중요,된장 / 굴 / 고춧가루,-,김치 / 국 / 쌈,✓,✓
171,백김치,냉장,0~4℃ (김치냉장고 권장),김치냉장고 2~3개월,담백한 김치. 김치냉장고 권장,돼지고기 / 전 / 수육,-,반찬 / 쌈 / 국물,✓,✓
172,백미,실온,밀폐 건냉소 15~20℃,밀폐 실온 6개월~1년 / 냉장 2년,도정 후 맛 점점 저하. 밀폐 보관 필수. 여름철 냉장 권장,반찬 전반 / 김치 / 나물 / 김,-,밥 짓기 / 죽 / 볶음밥,✓,✓
173,버섯,냉장/냉동,냉장 0~4℃ / 냉동 -18℃,냉장 5~7일 / 냉동 3~6개월,키친타월 감싸 밀폐 냉장. 종류별로 조금씩 다름,소고기 / 마늘 / 버터,-,볶음 / 구이 / 찌개,✓,✓
174,버터,냉장/냉동,냉장 0~4℃ / 냉동 -18℃ 이하,냉장 개봉 후 2~3개월 / 냉동 6~9개월,잘 밀봉해서 냉동 시 9개월 가능(코메디닷컴). 산패 방지 차광 필수,빵 / 감자 / 스테이크,-,스프레드 / 조리 / 베이킹,✓,✓
175,베이글,실온/냉동,실온 건냉소 / 냉동 -18℃,실온 2~3일 / 냉동 2~3개월,소분 냉동 권장. 토스터 해동,크림치즈 / 연어 / 아보카도,-,토스트 / 샌드위치,✓,✓
176,베이컨,냉장/냉동,냉장 0~4℃ / 냉동 -18℃ 이하,냉장 개봉 전 1~2주 / 개봉 후 1주 / 냉동 1개월,USDA: 베이컨 냉동 1개월. 리스테리아 균 주의,계란 / 양배추 / 샐러드,-,굽기 / 볶음 / 토핑,✓,✓
177,베이킹소다,실온,밀폐 건냉소,2년,밀폐 보관. 습기 주의,산성 재료 / 버터밀크 / 식초,-,베이킹 / 청소,✓,✓
178,베이킹파우더,실온,밀폐 건냉소,개봉 후 6개월~1년,밀폐 필수. 습기 시 효과 감소,밀가루 / 설탕,-,베이킹,✓,✓
179,베트남고추,실온,밀폐 건냉소,1~2년,건조 고추. 밀폐 필수,쌀국수 / 팟타이 / 태국식 요리,-,고명 / 양념,✓,✓
180,병아리콩,실온,밀폐 건냉소,건조 실온 1~2년,밀폐 보관. 삶은 것은 냉동 가능,올리브유 / 마늘 / 레몬,-,삶기 / 후무스 / 스튜,✓,✓
181,보리,실온,밀폐 건냉소,밀폐 실온 6개월~1년,밀폐 보관. 장기 보관 시 냉장,쌀 / 콩 / 된장,-,밥 짓기 / 차 / 미숫가루,✓,✓
182,복숭아,냉장(냉장실),천도·황도 5~8℃ / 백도 8~10℃,1주 이내,농진청: 저온장해 민감. 김치냉장고 X. 실온 2~3일 후숙도 가능,요거트 / 우유 / 바나나,-,생식 / 통조림 / 잼,✓,✓
183,봄동,냉장,0~4℃,5~7일,밀봉 냉장. 수분 유지,된장 / 초고추장 / 들기름,-,겉절이 / 쌈 / 된장국,✓,✓
184,부라타치즈,냉장,0~4℃,개봉 후 2~3일,부드러운 치즈. 매우 변질 빠름. 구입 당일~1~2일 내 섭취,토마토 / 바질 / 올리브유 / 꿀,-,생식 / 샐러드,✓,✓
185,부추,냉장,0~4℃,5~7일,씻지 않고 키친타월 감싸 냉장,된장 / 돼지고기 / 계란,-,무침 / 전 / 볶음,✓,✓
186,부침가루,실온,밀폐 건냉소,개봉 전 1~2년 / 개봉 후 6개월,밀폐 필수,애호박 / 김치 / 부추,-,전 / 부침,✓,✓
187,북어채,실온/냉장/냉동,밀폐 건냉소,실온 2~3개월 / 냉장 6개월 / 냉동 1년,건조된 명태. 습기 주의. 밀폐용기 보관,계란 / 콩나물 / 대파,-,국 / 무침 / 볶음,✓,✓
188,분유,실온,밀폐 건냉소,개봉 전 유통기한(1~2년) / 개봉 후 1개월,개봉 후 빠르게 소비. 습기 주의,물 / 베이킹,-,음용 / 베이킹,✓,✓
189,불닭볶음면,실온,밀폐 건냉소,개봉 전 유통기한(6개월 이상),직사광선 피하기,치즈 / 계란,-,끓이기 / 볶음,✓,✓
190,불닭소스,실온/냉장,실온 / 개봉 후 냉장,개봉 전 유통기한 / 개봉 후 냉장 6개월~1년,산도 있어 비교적 장기 보관,치킨 / 떡볶이 / 짜장,-,양념 / 소스,✓,✓
191,브로콜리,냉장,0~4℃,1주,농진청: 꽃 피기 전 섭취. 키친타월과 함께 숨구멍 낸 비닐에 냉장,소고기 / 마늘 / 올리브유,-,데침 / 볶음 / 수프,✓,✓
192,블랙올리브,냉장,0~4℃,개봉 후 냉장 1~2개월,액 속 보관 필수,피자 / 파스타 / 샐러드,-,토핑 / 샐러드 / 타파스,✓,✓
193,블루베리,냉장/냉동,냉장 0~4℃ / 냉동 -18℃,냉장 1~2주 / 냉동 6~12개월,씻지 않고 밀폐 보관. 냉동 시 안토시아닌 보존,요거트 / 팬케이크 / 크림치즈,-,생식 / 베이킹 / 잼,✓,✓
194,비빔면,실온,밀폐 건냉소,개봉 전 유통기한,직사광선 피하기,상추 / 오이 / 계란,-,삶기 / 비빔,✓,✓
195,비엔나소세지,냉장/냉동,냉장 0~4℃ / 냉동 -18℃,개봉 후 냉장 3~5일 / 냉동 1~2개월,가공육. USDA 기준 냉동 1~2개월,케찹 / 계란 / 양파,-,굽기 / 볶음 / 꼬치,✓,✓
196,빵,실온/냉동,실온 건냉소 / 냉동 -18℃,실온 3~7일 / 냉동 2~3개월,냉장은 전분 노화로 빨리 딱딱해짐(비권장). 장기 보관은 냉동,버터 / 잼 / 치즈,오렌지주스,토스트 / 샌드위치 / 프렌치토스트,✓,✓
197,빵가루,실온/냉동,실온 밀폐 / 냉동 -18℃,개봉 후 실온 1개월 / 냉동 6개월,밀폐 필수. 습기 주의. 장기 보관 시 냉동,달걀물 / 고기,-,튀김옷 / 미트볼 바인더,✓,✓
198,사골육수,냉장/냉동,냉장 0~4℃ / 냉동 -18℃,개봉 후 냉장 2~3일 / 냉동 3~6개월,개봉 후 빠른 사용. 냉동 권장,떡국 / 만둣국 / 국수,-,국물 베이스,✓,✓
199,사과,냉장(김치냉장고 권장),0℃ / 상대습도 90~95%,2~3개월 (품종·상태에 따라),농진청: 저온에 강해 김치냉장고 적합. 에틸렌 다량 방출로 다른 과일·채소와 분리 보관 필수,돼지고기 / 땅콩버터 / 시나몬,-,생식 / 베이킹 / 주스,✓,✓
200,잼,실온/냉장,실온 건냉소 / 개봉 후 냉장,개봉 전 유통기한 / 개봉 후 냉장 6개월,개봉 후 냉장 필수. 곰팡이 주의,빵 / 요거트 / 치즈,-,스프레드 / 토핑,✓,✓
201,사이다,실온/냉장,실온 건냉소 / 개봉 후 냉장,개봉 전 유통기한 / 개봉 후 1~3일,개봉 후 냉장,매실청 / 하이볼 / 화채,-,음용 / 고기 연화,✓,✓
202,살사소스,냉장,0~4℃,개봉 후 냉장 2~4주,개봉 후 냉장,또띠아 / 나초 / 아보카도,-,소스 / 딥,✓,✓
203,삼겹살,냉장/냉동,냉장 0~4℃ / 냉동 -18℃ 이하,냉장 3~5일 / 냉동 4~6개월,지방 많아 산패 주의. 진공포장·소분 냉동 권장,상추 / 마늘 / 새우젓 / 깻잎,-,구이 / 수육 / 보쌈,✓,✓
204,삼치,냉장/냉동,냉장 0~4℃ / 냉동 -18℃ 이하,냉장 1~2일 / 냉동 2~3개월,등푸른 기름진 생선. 히스타민 위험. 냉장 7일 이내 섭취. 내장 제거 후 소분 냉동,무 / 생강 / 대파,-,구이 / 조림 / 찜,✓,✓
205,상추,냉장,0~4℃,5~7일,농진청: 씻지 않고 키친타월 감싸 밀폐. 습기·건조 둘 다 주의,삼겹살 / 된장 / 마늘,-,쌈 / 샐러드 / 겉절이,✓,✓
206,새송이버섯,냉장/냉동,냉장 0~4℃ / 냉동 -18℃,냉장 2~3주 / 냉동 6개월,수분 적어 저장성 좋음. 키친타월 감싸 밀폐 냉장,소고기 / 마늘 / 버터,-,구이 / 볶음 / 전,✓,✓
207,새우,냉장/냉동,냉장 0~4℃ / 냉동 -18℃ 이하,냉장 1~2일 / 냉동 3~6개월,머리/내장 제거 후 물기 제거 / 비닐팩 밀봉 냉동. 해동 후 재냉동 금지,마늘 / 레몬 / 아욱,맥주,구이 / 튀김 / 볶음,✓,✓
208,새우젓,냉장/냉동,냉장 0~10℃ / 냉동 -18℃,냉장 6개월~1년 / 냉동 1~2년,염도 높아 냉동에서도 얼지 않음. 김장용·일반용 공통,돼지고기 / 달걀찜 / 편육,-,양념 / 찜 / 간,✓,✓
209,샐러드,냉장,0~4℃,당일~2일,드레싱 안 뿌린 상태 기준. 개봉 후 빠른 섭취,드레싱 / 닭가슴살 / 아보카도,-,생식 / 무침,✓,✓
210,샐러리,냉장,0~4℃,2~3주,호일에 감싸 냉장하면 더 오래,땅콩버터 / 사과 / 토마토 수프,-,생식 / 수프 베이스 / 스틱,✓,✓
211,생강,냉장/냉동,냉장 0~5℃ / 냉동 -18℃,통 냉장 1달 / 다진 것 냉동 3~6개월,흙 제거 후 신문지·지퍼백. 다져서 냉동 가능,꿀 / 대추 / 생선 / 닭,-,차 / 양념 / 편,✓,✓
212,생강가루,실온,밀폐 건냉소,2~3년,밀폐 필수,베이킹 / 차 / 마리네이드,-,양념 / 베이킹,✓,✓
213,생강청,냉장,0~10℃,6개월~1년,냉장 필수,물 / 레몬 / 꿀,-,음용 / 양념,✓,✓
214,생닭,냉장/냉동,냉장 0~4℃ / 냉동 -18℃ 이하,냉장 1~2일 / 냉동 통닭 12개월,USDA: 통닭 냉동 12개월. 2일 이내 사용·냉동,인삼 / 마늘 / 대추 / 찹쌀,-,삶기 / 구이 / 튀김,✓,✓
215,생크림,냉장,0~4℃,개봉 전 유통기한 / 개봉 후 3~5일,동물성 크림은 변질 빠름. 밀봉·냉장 유지,딸기 / 커피 / 파스타,-,휘핑 / 소스 / 베이킹,✓,✓
216,샤인머스켓,냉장(김치냉장고 권장),0~4℃,1~2주,포도과. 씻지 않고 냉장. 먹기 직전 세척,요거트 / 치즈 / 샴페인,-,생식 / 샐러드,✓,✓
217,설탕,실온,밀폐 건냉소,무기한(밀폐 시),자체 방부 역할. 밀폐 보관. 냄새 흡수 주의,베이킹 전반 / 차 / 커피,-,감미료 / 캐러멜,✓,✓
218,소 등심,냉장/냉동,냉장 0~4℃ / 냉동 -18℃ 이하,냉장 3~5일 / 냉동 4~12개월,스테이크용. 진공포장 시 냉장 2주. USDA 기준 냉동 장기보관 가능,버터 / 마늘 / 로즈마리,-,스테이크 / 구이,✓,✓
219,소 안심,냉장/냉동,냉장 0~4℃ / 냉동 -18℃ 이하,냉장 3~5일 / 냉동 4~12개월,가장 부드러운 부위. 스테이크용. 진공포장 시 냉장 2주,버터 / 로즈마리 / 후추,-,스테이크 / 구이,✓,✓
220,소 채끝살,냉장/냉동,냉장 0~4℃ / 냉동 -18℃ 이하,냉장 3~5일 / 냉동 4~12개월,스테이크용. 진공포장 시 냉장 2주,소금 / 후추 / 마늘,-,스테이크 / 구이,✓,✓
221,소고기,냉장/냉동,냉장 0~4℃ / 냉동 -18℃ 이하,냉장 3~5일 / 냉동 3~6개월,부위별 보관기간 다름. 진공포장 시 냉장 2주 가능. 산소 노출 시 갈변 빠름,배 / 부추 / 버섯 / 깻잎,감·녹차·홍차·커피 등 탄닌 고함유 식품,구이 / 국 / 볶음,✓,✓
222,소고기 갈비,냉장/냉동,냉장 0~4℃ / 냉동 -18℃ 이하,냉장 3~5일 / 냉동 4~12개월,양념 후 냉동 시 2~3개월 이내 소비 권장. LA갈비·생갈비 동일 기준,배 / 양파 / 마늘,-,구이 / 찜 / 양념구이,✓,✓
223,소고기 목살,냉장/냉동,냉장 0~4℃ / 냉동 -18℃ 이하,냉장 3~5일 / 냉동 4~6개월,구이·국거리. 진공포장 시 냉장 2주,간장 / 양파 / 마늘,-,구이 / 찜 / 조림,✓,✓
224,소고기 사태,냉장/냉동,냉장 0~4℃ / 냉동 -18℃ 이하,냉장 3~5일 / 냉동 4~6개월,장조림·수육용. 진공포장 시 냉장 2주,무 / 대파 / 간장,-,장조림 / 수육 / 육개장,✓,✓
225,소고기 앞다리살,냉장/냉동,냉장 0~4℃ / 냉동 -18℃ 이하,냉장 3~5일 / 냉동 4~6개월,국·볶음용. 진공포장 시 냉장 2주,된장 / 고추장 / 양파,-,국거리 / 장조림 / 볶음,✓,✓
226,소고기 우둔,냉장/냉동,냉장 0~4℃ / 냉동 -18℃ 이하,냉장 3~5일 / 냉동 4~6개월,육회·장조림용. 진공포장 시 냉장 2주,간장 / 배 / 참기름,-,육회 / 장조림 / 육포,✓,✓
227,소금,실온,밀폐 건냉소,무기한(밀폐 시),자체 방부 역할. 습기만 피하면 됨,간 맞춤 전반 / 절임,-,간 맞춤 / 절임,✓,✓
228,소라,냉장/냉동,냉장 0~4℃ / 냉동 -18℃ 이하,냉장 1일 / 냉동 2~3개월,살아있는 것 우선. 손질 후 소분 냉동,초고추장 / 오이,-,삶기 / 회 / 무침,✓,✓
229,소면,실온,밀폐 건냉소,1~2년,건면. 밀폐 보관. 습기 주의,멸치 육수 / 비빔장 / 계란지단 / 골뱅이,-,삶기 / 국수 / 비빔,✓,✓
230,소세지,냉장/냉동,냉장 0~4℃ / 냉동 -18℃ 이하,냉장 개봉 전 제품 유통기한 / 개봉 후 3~5일 / 냉동 1~2개월,USDA: 소시지 냉동 1~2개월,양파 / 케찹 / 머스타드 / 김치,-,굽기 / 볶음 / 삶기,✓,✓
231,소주,실온,건냉소,미개봉 무기한 / 개봉 후 권장 내 소비,증류주. 병 기준 사실상 유통기한 없음,삼겹살 / 회 / 국물안주,-,음용 / 요리용(잡내 제거),✓,✓
232,수박,실온→냉장(자른 후),실온 10~15℃ / 자른 후 냉장 0~4℃,통째 실온 1~2주 / 자른 것 냉장 3~5일,통째로는 서늘한 실온. 자르면 즉시 냉장 밀봉,페타치즈 / 민트 / 얼음,-,생식 / 주스 / 화채,✓,✓
233,숙주,냉장,0~4℃,2~3일,변질 매우 빠름. 구입 즉시 섭취 권장,쌀국수 / 불고기 / 마늘 / 돼지고기 볶음,-,데침 / 볶음 / 무침,✓,✓
234,순대,냉장/냉동,냉장 0~4℃ / 냉동 -18℃,냉장 1~2일 / 냉동 1~2개월,변질 빠름. 장기는 냉동,소금 / 떡볶이 국물 / 들깨가루,-,찜 / 볶음 / 튀김,✓,✓
235,순두부,냉장,0~4℃,개봉 전 유통기한 / 개봉 후 1~2일,수분 많아 변질 빠름. 빠른 사용,바지락 / 계란 / 해산물,-,찌개 / 생식 / 찜,✓,✓
236,슈가파우더,실온,밀폐 건냉소,무기한(밀폐 시),밀폐 필수. 습기 시 굳음,베이킹 전반 / 도넛 토핑 / 아이싱,-,토핑 / 아이싱,✓,✓
237,스리라차소스,실온/냉장,실온 건냉소 / 개봉 후 냉장,개봉 전 유통기한 / 개봉 후 냉장 1~2년,산도 높음. 개봉 후 냉장 권장,쌀국수 / 볶음면 / 샌드위치,-,양념 / 소스 / 딥,✓,✓
238,스테비아,실온,밀폐 건냉소,유통기한 참조,천연 감미료. 밀폐 보관,음료 / 저당 베이킹 / 커피,-,감미료,✓,✓
239,스테이크소스,실온/냉장,실온 건냉소 / 개봉 후 냉장,개봉 전 유통기한 / 개봉 후 냉장 1년,개봉 후 냉장,스테이크 / 햄버거 / 함박,-,소스,✓,✓
240,스파게티면,실온,밀폐 건냉소,건면 1~2년,밀폐 필수,토마토소스 / 올리브유 / 마늘 / 파마산치즈,-,삶기 / 파스타,✓,✓
241,슬라이스치즈,냉장,0~4℃,개봉 전 유통기한 / 개봉 후 1~2주,가공치즈. 개봉 후 밀봉 보관,햄 / 빵 / 계란,-,샌드위치 / 토스트,✓,✓
242,슬라이스햄,냉장,0~4℃,개봉 전 유통기한 / 개봉 후 3~5일,슬라이스 가공품. 개봉 후 빠른 섭취. 냉동 시 1개월 이내,치즈 / 빵 / 계란,-,샌드위치 / 부침 / 굽기,✓,✓
243,시금치,냉장,0~4℃,3~5일,농진청: 씻지 않고 키친타월+비닐. 잎채소는 습도 90~95%,참깨 / 계란 / 마늘,-,무침 / 국 / 볶음,✓,✓
244,시래기,실온/냉장/냉동,건조 실온 / 삶은 것 냉장·냉동,건조 1년 / 삶은 것 냉장 3일 / 냉동 6개월,건조품은 밀봉 실온. 불려 삶은 후 소분 냉동,된장 / 들깨가루 / 고등어조림,-,국 / 찜 / 나물,✓,✓
245,시리얼,실온,밀폐 건냉소,개봉 전 유통기한 / 개봉 후 3개월,밀폐 필수. 습기 시 눅눅,우유 / 요거트 / 과일,-,아침식사 / 간식,✓,✓
246,식빵,실온/냉동,실온 건냉소 / 냉동 -18℃,실온 3~7일 / 냉동 2~3개월,냉장 X(전분 노화). 소분 냉동 권장,버터 / 잼 / 계란,-,토스트 / 샌드위치,✓,✓
247,식용유,실온,건냉소,개봉 전 1~2년 / 개봉 후 6~12개월,직사광선 피하기. 개봉 후 산패 주의. 검게 변하거나 쉰내 나면 폐기,튀김 전반 / 볶음 전반,-,튀김 / 부침 / 볶음,✓,✓
248,식초,실온,건냉소,개봉 전 2년 이상 / 개봉 후 2년,산도가 높아 자체 보존성 좋음. 밀봉 보관,오이 / 드레싱 / 초밥,-,피클 / 드레싱 / 초,✓,✓
249,쌀,실온,밀폐 건냉소 15~20℃,밀폐 실온 6개월~1년 / 냉장 2년,식약처: 밀폐 용기 보관. 벌레 방지 위해 월계수잎·마늘 함께 두기. 여름철 냉장 권장,김 / 콩 / 쑥,-,밥 / 죽 / 떡,✓,✓
250,쌀가루,실온/냉장,밀폐 건냉소 / 냉장 0~10℃,실온 3~6개월 / 냉장 6~12개월 / 냉동 1~2년,밀폐 필수. 장기 보관 시 냉동,떡 / 강정 / 전,-,떡 / 과자 / 반죽,✓,✓
251,쌀국수면,실온,밀폐 건냉소,건면 1~2년,밀폐 필수,숙주 / 고수 / 라임,-,삶기 / 쌀국수,✓,✓
252,쌈장,냉장,0~10℃,개봉 전 유통기한 / 개봉 후 냉장 3~6개월,된장·고추장 혼합. 개봉 후 냉장,삼겹살 / 상추 / 마늘,-,쌈 소스,✓,✓
253,쑥,냉장/냉동,냉장 0~4℃ / 냉동 -18℃,냉장 3~5일 / 데쳐서 냉동 6개월,데친 후 물기 제거하고 소분 냉동,쌀 / 된장 / 인절미,-,떡 / 국 / 전,✓,✓
254,쑥갓,냉장,0~4℃,3~5일,젖은 키친타월 감싸 냉장,조개 / 생선조림 / 매운탕,-,고명 / 무침 / 탕,✓,✓
255,아귀,냉장/냉동,냉장 0~4℃ / 냉동 -18℃ 이하,냉장 1~2일 / 냉동 3~6개월,흰살 생선. 간(아귀간)은 더 빨리 상하므로 별도 관리. 냉동 3개월 이내 권장,콩나물 / 미나리 / 대두콩,-,찜 / 탕 / 수육,✓,✓
256,아몬드,실온/냉장/냉동,실온 밀폐 / 냉장 / 냉동,실온 6~12개월 / 냉장 2년 / 냉동 최대 4년,캘리포니아 아몬드협회: 냉동 최대 4년. 밀폐 필수,초콜릿 / 요거트 / 샐러드,-,생식 / 볶음 / 슬라이스,✓,✓
257,아몬드우유,실온(멸균)/냉장,개봉 전 실온 / 개봉 후 냉장,개봉 전 유통기한 / 개봉 후 5~7일,멸균팩 실온 가능. 개봉 후 반드시 냉장,시리얼 / 커피 / 검은콩,-,음용 / 베이킹,✓,✓
258,아보카도,실온(숙성) → 냉장,실온 18~21℃ / 후숙 후 냉장 4~8℃,실온 숙성 3~5일 / 후숙 후 냉장 2~3일,단단할 때 실온 숙성 / 무르면 냉장. 갈변 방지 레몬즙,토마토 / 라임 / 연어 / 달걀,-,생식 / 샐러드 / 스프레드,✓,✓
259,아스파라거스,냉장,0~4℃,3~5일,물 컵에 세워 보관 또는 젖은 키친타월 감싸,베이컨 / 올리브유 / 레몬,-,구이 / 데침 / 볶음,✓,✓
260,알룰로스,실온,밀폐 건냉소,개봉 전 2년 / 개봉 후 1년,저칼로리 감미료. 밀폐 보관,음료 / 저당 요리 / 베이킹,-,감미료,✓,✓
261,알배추,냉장,0~4℃,1~2주,비닐봉지 밀봉 냉장,된장 / 겉절이 / 전골,-,쌈 / 겉절이 / 찜,✓,✓
262,애플민트,냉장,0~4℃,1주,물 컵에 담가 냉장,홍차 / 모히또 칵테일 / 샐러드,-,가니시 / 차,✓,✓
263,애호박,냉장,7~10℃,5~7일,랩으로 싸서 냉장,새우젓 / 고추장 / 부침가루 / 계란,-,볶음 / 찌개 / 전,✓,✓
264,양고기,냉장/냉동,냉장 0~4℃ / 냉동 -18℃ 이하,냉장 3~5일 / 냉동 6~9개월,USDA: 통양 6~9개월. 진공포장 시 냉장 2주,로즈마리 / 민트 / 마늘,-,구이 / 스테이크 / 스튜,✓,✓
265,양배추,냉장,0~4℃,1~2개월,코메디닷컴: 비닐랩 감싸 냉장 시 최대 2개월 보관 가능,돈까스 / 소고기 / 사과,-,찜 / 볶음 / 샐러드,✓,✓
266,양상추,냉장,0~4℃,1~2주,통째로는 키친타월 감싸 보관. 자르면 빨리 섭취,샌드위치 / 햄버거 / 샐러드,-,생식 / 쌈 / 샐러드,✓,✓
267,양송이버섯,냉장/냉동,냉장 0~4℃ / 냉동 -18℃,냉장 5~7일 / 냉동 6개월,키친타월로 하나씩 감싸 밀폐 냉장. 씻지 않고 보관,베이컨 / 버터 / 마늘,-,구이 / 수프 / 볶음,✓,✓
268,양조간장,실온/냉장,실온 건냉소 / 개봉 후 냉장,개봉 전 2~3년 / 개봉 후 냉장 1~2년,개봉 후 냉장 권장,드레싱 / 초밥 간장 / 나물 무침,-,드레싱 / 무침 / 간,✓,✓
269,양파,실온/냉장,실온 그늘·통풍 / 다진 것 냉장 0~4℃,실온 통양파 1~2개월 / 다진 것 냉장 1주,농진청: 통풍 잘되는 그늘. 다지면 냉동 가능,고기 전반 / 마늘 / 토마토,-,볶음 / 구이 / 절임,✓,✓
270,양파청,냉장,0~10℃,3~6개월,냉장 필수,물 / 드레싱 / 양념,-,음용 / 드레싱,✓,✓
271,어간장,실온/냉장,실온 건냉소 / 개봉 후 냉장,개봉 전 2~3년 / 개봉 후 냉장 1~2년,전체 발효식품. 염도 높아 저장성 있음. 개봉 후 냉장,무침 / 조림 / 드레싱,-,무침 / 소스,✓,✓
272,어묵,냉장/냉동,냉장 0~4℃ / 냉동 -18℃ 이하,냉장 개봉 전 유통기한 / 개봉 후 3~5일 / 냉동 1~3개월,어육가공품. 제품 유통기한 확인. 소분하여 냉동 가능,무 / 대파 / 당근,-,탕 / 볶음 / 조림,✓,✓
273,얼갈이배추,냉장,0~4℃,5~7일,밀봉 냉장,된장 / 고춧가루 / 멸치,-,김치 / 된장국 / 겉절이,✓,✓
274,얼음,냉동,-18℃ 이하,3~6개월(냄새 흡수 전),밀폐 보관. 냉장고 냄새 흡수 주의,음료 / 화채 / 빙수,-,음료 냉각 / 빙수,✓,✓
275,연겨자,냉장,0~4℃,개봉 전 유통기한 / 개봉 후 냉장 6개월,개봉 후 냉장,냉면 / 소고기 편육 / 쌈,-,양념 / 소스,✓,✓
276,연근,냉장,0~4℃,1~2주,흙 묻은 채 보관 더 오래. 손질 후엔 물에 담가 갈변 방지,우엉 / 간장 / 식초,-,조림 / 전 / 튀김,✓,✓
277,연두,실온/냉장,실온 건냉소 / 개봉 후 냉장,개봉 전 유통기한 / 개봉 후 냉장 3~6개월,콩 발효 조미료. 개봉 후 냉장 권장,국물요리 전반 / 나물 무침 / 찌개,-,양념 / 간,✓,✓
278,연두부,냉장,0~4℃,개봉 전 유통기한 / 개봉 후 1~2일,수분 많아 변질 빠름,간장 / 김가루 / 쪽파,-,생식 / 찌개,✓,✓
279,연어,냉장/냉동,냉장 0~4℃ / 냉동 -18℃ 이하,냉장 1~2일 / 냉동 2~3개월,기름기 많은 생선. 회용 연어는 구입 당일 섭취. 훈제연어는 개봉 후 냉장 2~3일,딜 / 레몬 / 아보카도 / 크림치즈,-,구이 / 회 / 스테이크,✓,✓
280,연유,실온/냉장,실온 서늘한 곳 / 개봉 후 냉장 0~4℃,개봉 전 2~3년 / 개봉 후 1~2주,통조림. 개봉 후 반드시 냉장. 다른 용기 옮기기,팥빙수 / 커피 / 과일,-,감미료 / 디저트,✓,✓
281,열무,냉장,0~4℃,3~5일,김치 담그는 용. 빠른 사용 권장,고추장 / 된장 / 고춧가루,-,김치 / 비빔면 / 국,✓,✓
282,열무김치,냉장,0~4℃ (김치냉장고 권장),김치냉장고 1~2개월,발효 빠름. 김치냉장고 권장,소면 / 밥 / 보리밥,-,비빔 / 밥반찬,✓,✓
283,오레가노,냉장/실온,신선 냉장 / 건조 실온,신선 1주 / 건조 1~3년,건조품이 일반적. 밀폐 보관,토마토 / 피자 / 파스타,-,향신료 / 피자 / 파스타,✓,✓
284,오렌지,실온/냉장,실온 10~15℃ / 냉장 5~10℃,실온 1~2주 / 냉장 2~3주,서늘한 곳 보관. 실온 가능,요거트 / 다크초콜릿 / 샐러드,-,생식 / 주스 / 제스트,✓,✓
285,오렌지주스,냉장,0~4℃,개봉 전 유통기한 / 개봉 후 냉장 7~10일,개봉 후 밀봉 냉장,칵테일 / 드레싱 / 스무디,빵,음용 / 드레싱,✓,✓
286,오이,냉장,7~10℃ (저온 민감),5~10일,농진청: 키친타월/랩으로 감싸 꼭지 위로 세워 보관. 냉기 직접 X,미역 / 요거트 / 식초,-,생식 / 무침 / 피클,✓,✓
287,오이고추,냉장,0~5℃,1~2주,밀폐 냉장,쌈장 / 된장 / 멸치,-,생식 / 쌈,✓,✓
288,오징어,냉장/냉동,냉장 0~4℃ / 냉동 -18℃ 이하,냉장 1~2일 / 냉동 3~6개월,껍질/내장 제거 후 물기 빼고 밀폐 냉동. 한 번 먹을 만큼 소분. 회용은 당일,술 / 미나리 / 무 / 마늘,-,볶음 / 구이 / 숙회,✓,✓
289,오징어젓갈,냉장,0~4℃,1~2개월,젓갈류. 염도 높아 저장성 있음. 밀봉 냉장,밥 / 대파 / 깨,-,반찬 / 양념,✓,✓
290,오트밀,실온,밀폐 건냉소,개봉 전 2년 / 개봉 후 밀폐 실온 6개월,밀폐 보관. 습기 주의,우유 / 꿀 / 바나나 / 견과류,-,죽 / 시리얼 / 베이킹,✓,✓
291,옥수수,냉장/냉동,냉장 0~4℃ / 냉동 -18℃,생 냉장 3~5일 / 삶은 것 냉장 3~5일 / 냉동 6~8개월,통옥수수는 삶아서 냉동 권장. 통조림은 개봉 전 실온 2년,우유 / 버터 / 소금 / 치즈,-,삶기 / 구이 / 통조림,✓,✓
292,옥수수전분,실온,밀폐 건냉소,밀폐 실온 1~2년,밀폐 보관,튀김옷 / 소스 농도 / 베이킹,-,튀김옷 / 전분물 / 베이킹,✓,✓
293,올리고당,실온,밀폐 건냉소,개봉 전 유통기한 / 개봉 후 1년,실온 보관. 굳음 방지,조림 / 드레싱 / 양념,-,감미료 / 윤기 내기,✓,✓
294,올리브,냉장,0~4℃,개봉 전 유통기한 / 개봉 후 냉장 2주 / 염수에 담가 더 오래,개봉 후 액 속에 담가 냉장,피자 / 파스타 / 샐러드 / 치즈,-,토핑 / 타파스,✓,✓
295,올리브유,실온,15~20℃ 건냉소,개봉 전 2년 / 개봉 후 3~6개월,직사광선·열 피하기. 어두운 병 권장. 냉장 시 뿌옇게 변함,샐러드 / 파스타 / 토마토 / 빵,-,드레싱 / 마리네이드 / 조리,✓,✓
296,완두콩,냉장/냉동,냉장 0~4℃ / 냉동 -18℃,생완두 냉장 3~5일 / 냉동 8~12개월,생완두는 빠른 사용. 냉동 제품이 일반적,쌀 / 토마토 / 베이컨,-,밥 / 수프 / 볶음,✓,✓
297,요거트,냉장,0~4℃,개봉 전 유통기한 / 개봉 후 3~5일,발효유 제품. 밀봉 보관. 온도 안정 유지,꿀 / 과일 / 그래놀라 / 견과류,-,생식 / 드레싱 / 스무디,✓,✓
298,요구르트,냉장,0~4℃,개봉 전 유통기한 참조,마시는 요구르트. 유통기한 준수,시리얼 / 과일 / 꿀,-,음용,✓,✓
299,우동면,냉장/냉동,냉장 0~4℃ / 냉동 -18℃,생면 냉장 3~5일 / 냉동 2~3개월 / 건면 실온 1년,형태별 다름,쯔유 / 유부 / 계란 / 튀김,-,끓이기 / 볶음(야끼우동),✓,✓
300,우럭,냉장/냉동,냉장 0~4℃ / 냉동 -18℃ 이하,냉장 1~2일 / 냉동 3~6개월,흰살 생선. 회는 구입 당일. 손질 후 소분 냉동,무 / 쑥갓 / 고춧가루,-,회 / 매운탕 / 찜,✓,✓
301,우삼겹,냉장/냉동,냉장 0~4℃ / 냉동 -18℃ 이하,냉장 3~5일 / 냉동 3~6개월,우 업진살. 지방 많음. 진공포장·소분 권장,숙주 / 마늘 / 된장 / 부추,-,구이 / 볶음,✓,✓
302,우스타소스,실온/냉장,실온 건냉소 / 개봉 후 냉장,개봉 전 유통기한 / 개봉 후 냉장 1년,영국식 소스. 개봉 후 냉장,함박스테이크 / 고기 양념 / 돈까스,-,소스 / 양념,✓,✓
303,우엉,냉장,0~4℃,2~3주,흙 묻은 채 신문지로 감싸 보관. 손질 후엔 식초물 보관,연근 / 간장 / 설탕,-,조림 / 볶음 / 김밥 속,✓,✓
304,우유,냉장,0~5℃ 이하,개봉 전 유통기한 / 개봉 후 2~3일,냉장고 문 쪽 보관 지양(온도 변화). 개봉 후 빠른 섭취. 리스테리아 주의,시리얼 / 커피 / 딸기 / 멸치,-,음용 / 베이킹 / 수프,✓,✓
305,원당,실온,밀폐 건냉소,무기한(밀폐 시),비정제 설탕. 밀폐 보관,베이킹 / 시럽 / 차,-,감미료 / 베이킹,✓,✓
306,월계수잎,실온,밀폐 건냉소,1~3년,건조 잎. 밀폐 필수. 습기 주의,고기 스튜 / 카레 / 수프,-,향 내기 / 스튜,✓,✓
307,유부,냉장/냉동,냉장 0~4℃ / 냉동 -18℃,개봉 전 유통기한 / 개봉 후 냉장 3~5일 / 냉동 1~2개월,튀긴 두부. 기름 산패 주의,우동 / 밥 / 단촛물,-,조림 / 유부초밥 / 국,✓,✓
308,자두,실온→냉장,실온 / 후숙 후 냉장 0~4℃,실온 2~3일 / 냉장 1주,후숙 필요 시 실온. 숙성 후 냉장,요거트 / 와인,-,생식 / 잼,✓,✓
309,자몽,실온/냉장,실온 10~15℃ / 냉장 5~10℃,실온 1주 / 냉장 2~3주,서늘한 곳 보관,꿀 / 민트 / 샴페인,-,생식 / 주스 / 에이드,✓,✓
310,잠봉,냉장,0~4℃,개봉 전 유통기한 / 개봉 후 3~5일,프랑스식 햄. 개봉 후 밀폐 보관. 빠른 섭취 권장,빵 / 치즈 / 와인,-,샌드위치 / 안주,✓,✓
311,잣,냉장/냉동,냉장 0~4℃ / 냉동 -18℃,냉장 3~6개월 / 냉동 1년,지방 많아 산패 빠름. 냉장 권장,수정과 / 곶감 / 떡,-,고명 / 페스토 / 죽,✓,✓
312,장어,냉장/냉동,냉장 0~4℃ / 냉동 -18℃,냉장 1~2일 / 냉동 2~3개월,변질 빠름. 손질 후 소분 냉동,생강 / 양파 / 데리야끼 양념,-,구이 / 덮밥,✓,✓
313,전복,냉장/냉동,냉장 0~4℃ / 냉동 -18℃ 이하,냉장 2~3일(산 전복은 소금물) / 냉동 2~3개월,살아있는 것은 소금물에 담가 냉장. 내장 제거 후 냉동,버터 / 마늘 / 쌀,-,구이 / 죽 / 찜,✓,✓
314,전분,실온,밀폐 건냉소,밀폐 실온 1~2년,밀폐 보관. 습기 주의,튀김옷 / 소스 농도 조절,-,튀김옷 / 전분물,✓,✓
315,전어,냉장/냉동,냉장 0~4℃ / 냉동 -18℃ 이하,냉장 1~2일 / 냉동 2~3개월,가을 별미 등푸른 생선. 선도 중요. 손질 후 소분 냉동,소금 / 막걸리,-,구이 / 회 / 무침,✓,✓
316,제로콜라,실온/냉장,실온 건냉소 / 개봉 후 냉장,개봉 전 유통기한 / 개봉 후 1~3일,개봉 후 냉장,피자 / 치킨 / 햄버거,-,음용,✓,✓
317,조개,냉장/냉동,냉장 0~4℃ / 냉동 -18℃ 이하,냉장 1~2일(해감 후) / 냉동 2~3개월,해감 후 밀봉 보관. 살아있는 것 우선. 껍질 벗긴 조갯살은 조개액과 함께 3~4개월,쑥갓 / 부추 / 미나리 / 마늘,맥주,국 / 찜 / 파스타,✓,✓
318,조기,냉장/냉동,냉장 0~4℃ / 냉동 -18℃ 이하,냉장 1~2일 / 냉동 최대 6개월,얇고 지방 적은 흰살 생선. 비교적 장기 냉동 가능. 굴비는 냉장 2주 / 냉동 3~6개월,소금 / 고사리 / 무,-,구이 / 찜 / 조림,✓,✓
319,조청,실온,밀폐 건냉소,개봉 전 유통기한 / 개봉 후 1년,한국 전통 시럽. 실온 보관,떡 / 강정 / 한과 / 조림 윤기,-,감미료 / 글레이즈,✓,✓
320,중화면,냉장/냉동,냉장 0~4℃ / 냉동 -18℃,생면 냉장 3~5일 / 냉동 2~3개월,짜장·짬뽕용,짜장 / 짬뽕 국물 / 해산물,-,삶기 / 볶음,✓,✓
321,즉석밥,실온,건냉소,개봉 전 유통기한(6~9개월),직사광선 피하기. 개봉 후 즉시 소비,카레 / 짜장 / 국물 요리,-,전자레인지 조리,✓,✓
322,진간장,실온/냉장,실온 건냉소 / 개봉 후 냉장,개봉 전 2~3년 / 개봉 후 냉장 1~2년,조림용. 개봉 후 냉장 권장,조림 / 볶음 / 양념 전반,-,조림 / 볶음 / 양념,✓,✓
323,진미채,실온/냉장/냉동,밀폐 / 냉장 / 냉동,실온 1~2개월 / 냉장 6개월 / 냉동 1년,건조 오징어 제품. 밀폐 필수. 습기 주의,고추장 / 마요네즈 / 꿀,-,볶음 / 무침,✓,✓
324,짜장라면,실온,밀폐 건냉소,개봉 전 유통기한,직사광선 피하기,단무지 / 계란 / 양파,-,끓이기,✓,✓
325,짜장분말,실온,밀폐 건냉소,개봉 전 1~2년 / 개봉 후 6개월,밀폐 필수. 습기 주의,밥 / 중화면 / 양파,-,양념 / 소스,✓,✓
326,쪽파,냉장/냉동,냉장 0~4℃ / 냉동 -18℃,냉장 1주 / 냉동 3개월,씻지 않고 냉장. 다져서 냉동 가능,파전 / 계란 / 무침,-,고명 / 전 / 무침,✓,✓
327,쫄면사리,냉장/냉동,냉장 0~4℃ / 냉동 -18℃,냉장 3~5일 / 냉동 2~3개월,생면. 밀봉하여 냉장. 장기 보관 시 냉동 권장,고추장 / 오이 / 양배추,-,삶기 / 비빔,✓,✓
328,쭈꾸미,냉장/냉동,냉장 0~4℃ / 냉동 -18℃ 이하,냉장 1일 / 냉동 2~3개월,봄 제철. 손질 후 소분 냉동. 해동 후 재냉동 금지,고추장 / 콩나물 / 대파 / 미나리,-,볶음 / 샤브 / 구이,✓,✓
329,쯔유,실온/냉장,실온 건냉소 / 개봉 후 냉장,개봉 전 유통기한 / 개봉 후 냉장 1~3개월,일본식 간장소스. 개봉 후 냉장,소바 / 우동 / 튀김,-,국물 / 소스,✓,✓
330,차돌박이,냉장/냉동,냉장 0~4℃ / 냉동 -18℃ 이하,냉장 3~5일 / 냉동 3~6개월,지방 많아 산패 주의. 진공포장·소분 권장,된장찌개 / 마늘 / 상추 / 팽이버섯,-,구이 / 볶음 / 찌개,✓,✓
331,참기름,실온,건냉소,개봉 전 2년 / 개봉 후 6~12개월,직사광선 피하기. 냉장 시 굳음. 어두운 병 권장,비빔밥 / 나물 / 김,-,무침 / 비빔 / 토핑,✓,✓
332,참깨,실온/냉장,밀폐 건냉소 / 냉장,실온 3~6개월 / 냉장 1년,볶은 참깨. 밀폐 보관. 산패 주의,나물 무침 / 비빔밥 / 국수,-,토핑 / 볶음 / 무침,✓,✓
333,참나물,냉장,0~4℃,3~5일,젖은 키친타월 감싸 냉장,참기름 / 고추장 / 들기름,-,무침 / 나물,✓,✓
334,참소스,냉장,0~4℃,개봉 전 유통기한 / 개봉 후 냉장 1~2개월,개봉 후 냉장,회 / 무침 / 샐러드 드레싱,-,소스 / 드레싱,✓,✓
335,참치액젓,실온/냉장,실온 건냉소 / 개봉 후 냉장,개봉 전 2년 / 개봉 후 냉장 1년,발효식품. 개봉 후 냉장,김치 양념 / 무침 / 국물 간,-,양념 / 간,✓,✓
336,찹쌀,실온,밀폐 건냉소 15~20℃,밀폐 실온 6개월~1년,밀폐 보관. 습기·벌레 주의,팥 / 대추 / 인절미,-,떡 / 영양밥,✓,✓
337,찹쌀가루,실온/냉장,밀폐 건냉소 / 냉장 0~10℃,실온 3~6개월 / 냉장 6~12개월,밀폐 필수,떡 / 강정 / 튀김옷,-,떡 / 튀김옷,✓,✓
338,찹쌀풀,냉장/냉동,냉장 0~4℃ / 냉동 -18℃,냉장 2~3일 / 냉동 1~2개월,김치 담그는 용. 빠른 사용,김치 양념 / 장아찌,-,김치 양념 베이스,✓,✓
339,천일염,실온,밀폐 건냉소,무기한(밀폐 시),밀폐 보관,김치 절임 / 장 담그기 / 간 맞춤,-,절임 / 간,✓,✓
340,청경채,냉장,0~4℃,5~7일,비닐봉지 밀봉 냉장,마늘 / 굴소스 / 소고기 볶음,-,볶음 / 데침 / 찜,✓,✓
341,청고추,냉장,0~5℃,1~2주,밀폐 냉장,된장 / 쌈장 / 멸치볶음,-,생식 / 볶음 / 장아찌,✓,✓
342,청국장,냉장/냉동,냉장 0~10℃ / 냉동 -18℃,냉장 1~2주 / 냉동 3~6개월,발효 진행 지속. 장기 보관은 냉동,두부 / 무 / 김치,-,찌개 / 볶음,✓,✓
343,청양고추,냉장,0~5℃,1~2주,밀폐 냉장. 다져서 냉동 가능,매운탕 / 떡볶이 / 무침 양념,-,양념 / 고명 / 볶음,✓,✓
344,청주,실온,건냉소,미개봉 2~3년 / 개봉 후 1년,조리용 술 포함. 직사광선 피하기,생선 / 고기 재움 / 조개 찜,-,양념 / 재움,✓,✓
345,체다치즈,냉장/냉동,냉장 0~4℃ / 냉동 -18℃ 이하,냉장 개봉 전 유통기한 / 개봉 후 3~4주 / 냉동 6개월,단단한 치즈라 저장성 좋음. 곰팡이 생기면 부분 도려내고 섭취 가능,빵 / 햄버거 / 마카로니치즈,콩·콜라,샌드위치 / 토핑 / 녹이기,✓,✓
346,초고추장,냉장,0~10℃,개봉 전 유통기한 / 개봉 후 냉장 6개월,초+고추장. 개봉 후 냉장,회 / 오징어 / 미역 / 두릅,-,소스 / 무침,✓,✓
347,초콜릿,실온,15~20℃ 건냉소,1~2년,고온 시 블룸 현상(흰 반점). 밀폐 보관. 냉장 비권장,아몬드 / 딸기 / 우유,-,베이킹 / 디저트,✓,✓
348,총각김치,냉장,0~4℃ (김치냉장고 권장),김치냉장고 3~6개월,김치냉장고 권장,삼겹살 / 설렁탕 / 곰탕 / 라면,-,반찬,✓,✓
349,취나물,냉장/냉동,냉장 0~4℃ / 냉동 -18℃,냉장 3~5일 / 데쳐서 냉동 3~6개월,데친 후 물기 제거하고 소분 냉동,참기름 / 들기름 / 된장,-,무침 / 밥 / 나물,✓,✓
350,치아씨드,실온/냉장,밀폐 건냉소 / 냉장,실온 2년 / 냉장 2년 이상,장기 보관 가능. 밀폐 필수,요거트 / 우유 / 스무디,-,푸딩 / 토핑,✓,✓
351,치즈,냉장,0~4℃,하드치즈 개봉 후 3~4주 / 소프트치즈 1주,종류별 차이 큼. 밀봉·진공 포장 권장,와인 / 빵 / 과일 / 달걀,콩·콜라,녹이기 / 샐러드 / 샌드위치,✓,✓
352,치커리,냉장,0~4℃,1주,밀폐 냉장,샐러드 / 발사믹 드레싱 / 훈제오리,-,생식 / 샐러드,✓,✓
353,치킨스톡,실온/냉장,실온 건냉소 / 개봉 후 냉장,개봉 전 유통기한 / 개봉 후 냉장 1~2주,분말형은 실온 / 액상·페이스트는 냉장,수프 / 파스타 / 리조또,-,국물 베이스,✓,✓
354,칠리소스,실온/냉장,실온 건냉소 / 개봉 후 냉장,개봉 전 유통기한 / 개봉 후 냉장 6개월~1년,개봉 후 냉장,새우튀김 / 스프링롤 / 치킨,-,소스 / 딥,✓,✓
355,카라멜시럽,실온/냉장,실온 건냉소 / 개봉 후 냉장,개봉 전 유통기한 / 개봉 후 3~6개월,개봉 후 냉장 권장,커피 / 아이스크림 / 팬케이크,-,디저트 / 음료,✓,✓
356,카레분말,실온,밀폐 건냉소,1~2년,밀폐 필수,감자·당근·양파 / 고기 / 후추,-,카레 / 볶음,✓,✓
357,칵테일새우,냉장/냉동,냉장 0~4℃ / 냉동 -18℃ 이하,냉장 개봉 후 2~3일 / 냉동 3~6개월,조리 완료된 냉동 제품. 해동 후 재냉동 금지,칵테일소스 / 샐러드 / 아보카도,-,생식 / 샐러드,✓,✓
358,칼국수면,냉장/냉동,냉장 0~4℃ / 냉동 -18℃,냉장 3~5일 / 냉동 2~3개월,생면. 밀봉하여 냉장. 냉동 시 소분하여 2~3개월,멸치 육수 / 바지락 / 애호박,-,끓이기 / 국수,✓,✓
359,케이퍼,냉장,0~4℃,개봉 전 유통기한 / 개봉 후 냉장 1년,염수 절임. 액 속 보관,연어 / 파스타 / 샐러드,-,드레싱 / 토핑,✓,✓
360,케찹,실온/냉장,실온 건냉소 / 개봉 후 냉장,개봉 전 유통기한 / 개봉 후 냉장 6개월,개봉 후 반드시 냉장,감자튀김 / 소세지 / 오므라이스 / 계란후라이,-,소스 / 양념,✓,✓
361,코다리,냉장/냉동,냉장 0~4℃ / 냉동 -18℃ 이하,냉장 2~3일 / 냉동 2~3개월,반건조 명태. 반건조라 일반 생선보다 저장성 좋음. 소분 밀봉 냉동,무 / 고춧가루 / 콩나물,-,조림 / 찜,✓,✓
362,코인 육수,실온,밀폐 건냉소,유통기한 참조,건조 농축. 밀폐 보관,국물 요리 전반,-,육수 / 국물,✓,✓
363,코코넛밀크,실온/냉장,실온 / 개봉 후 냉장,개봉 전 유통기한 / 개봉 후 냉장 4~6일,통조림. 개봉 후 다른 용기 옮겨 냉장,카레 / 쌀국수 / 디저트,-,카레 / 디저트 / 수프,✓,✓
364,콜라,실온/냉장,실온 건냉소 / 개봉 후 냉장,개봉 전 유통기한 / 개봉 후 1~3일,개봉 후 탄산 빠짐. 뚜껑 잘 닫아 냉장,피자 / 치킨 / 햄버거,라면·치즈·체다치즈·콩,음용 / 고기 연화,✓,✓
365,콩,실온,밀폐 건냉소,밀폐 실온 1~2년,건조 콩. 밀폐 보관. 습기·벌레 주의,다시마 / 미역 / 밥,치즈·콜라,밥 / 조림 / 콩국,✓,✓
366,콩나물,냉장,0~4℃,3~5일,물에 담가 냉장. 매일 물 교체,낙지 / 계란 / 명태 / 돼지고기,-,국 / 무침 / 볶음,✓,✓
367,크래미,냉장/냉동,냉장 0~4℃ / 냉동 -18℃ 이하,냉장 개봉 전 유통기한 참조 / 개봉 후 2~3일 / 냉동 1~2개월,어육가공품. 제품 포장의 유통기한 우선. 냉동 시 식감 변화,오이 / 마요네즈 / 계란,-,샐러드 / 김밥,✓,✓
368,크림치즈,냉장,0~4℃,개봉 전 유통기한 / 개봉 후 1~2주,소프트 치즈. 변질 빠름. 밀봉 필수,베이글 / 연어 / 베리,-,스프레드 / 베이킹,✓,✓
369,키위,실온(숙성) → 냉장,실온 21~23℃ / 냉장 0~4℃,실온 1주(그린) / 3일(골드) / 익은 후 냉장 1~2주,농진청: 눌러서 살짝 들어갈 때 먹기 좋음. 사과와 함께 두면 빨리 익음,요거트 / 과일 샐러드 / 스무디,-,생식 / 스무디,✓,✓
370,타르타르소스,냉장,0~4℃,개봉 후 냉장 1~2개월,마요네즈 베이스. 반드시 냉장,생선가스 / 새우튀김 / 피쉬앤칩스,-,소스 / 딥,✓,✓
371,타임,냉장,0~4℃,1~2주,젖은 키친타월 감싸 냉장,닭고기 / 감자 / 버섯 수프,-,향 내기 / 허브,✓,✓
372,탄산수,실온/냉장,실온 / 개봉 후 냉장,개봉 전 유통기한 / 개봉 후 1~3일,개봉 후 탄산 빠짐,에이드 / 하이볼 / 모히또,-,음용 / 칵테일,✓,✓
373,토마토,실온 / 냉장(자른 것),실온 10~15℃ / 자른 것 냉장 5~10℃,실온 1주 / 냉장 1주,농진청: 실온 보관이 맛 유지. 자르면 냉장. 에틸렌 방출,모짜렐라 / 바질 / 아보카도 / 올리브유 / 달걀,-,생식 / 소스 / 구이,✓,✓
374,토마토소스,실온/냉장,실온 / 개봉 후 냉장,개봉 전 유통기한 / 개봉 후 냉장 5~7일,개봉 후 다른 용기 옮겨 냉장,파스타 / 피자 / 미트볼,-,소스 / 베이스,✓,✓
375,통깨,실온/냉장,밀폐 건냉소 / 냉장,실온 3~6개월 / 냉장 1년,볶은 통참깨. 밀폐 필수,나물 / 비빔밥 / 국수,-,토핑 / 고명,✓,✓
376,통조림옥수수,실온/냉장,실온 / 개봉 후 냉장,개봉 전 2~3년 / 개봉 후 냉장 3~4일,개봉 후 다른 용기 옮겨 냉장,마요네즈 / 치즈 / 샐러드,-,샐러드 / 콘치즈,✓,✓
377,통조림참치,실온/냉장,실온 / 개봉 후 냉장,개봉 전 3~5년 / 개봉 후 냉장 1~2일,개봉 후 다른 용기 옮겨 냉장,김치 / 마요네즈 / 계란,-,볶음 / 김밥 / 샐러드,✓,✓
378,통조림햄,실온/냉장,실온 서늘한 곳 / 개봉 후 냉장 0~4℃,개봉 전 2~3년 / 개봉 후 3~5일,통조림 실온 장기보관. 개봉 후 반드시 다른 용기 옮겨 냉장,김치 / 계란 / 밥,-,볶음 / 구이 / 찌개,✓,✓
379,통후추,실온,밀폐 건냉소,2~3년,갈지 않은 상태가 향 오래 유지. 밀폐 필수,스테이크 / 수프 / 절임,-,갈아쓰기 / 향 내기,✓,✓
380,튀김가루,실온,밀폐 건냉소,개봉 전 1~2년 / 개봉 후 6개월,밀폐 필수,채소 / 해산물 / 고기 튀김옷,-,튀김옷 / 부침,✓,✓
381,파김치,냉장,0~4℃ (김치냉장고 권장),김치냉장고 1~2개월,김치냉장고 권장,삼겹살 / 수육 / 라면,-,반찬 / 쌈,✓,✓
382,파마산치즈,냉장,0~4℃,덩어리 개봉 후 2~4개월 / 갈아놓은 것 1~2주,단단한 치즈. 덩어리 상태가 저장성 좋음. 진공포장 권장,파스타 / 샐러드 / 리조또,-,토핑 / 갈아쓰기,✓,✓
383,파스타면,실온,밀폐 건냉소,건면 1~2년,밀폐 필수,올리브유 / 마늘 / 토마토 / 바질,-,삶기 / 파스타,✓,✓
384,파슬리,냉장,0~4℃,1~2주,물 컵에 담가 또는 젖은 키친타월 감싸 냉장,고기 가니시 / 수프 / 파스타,-,가니시 / 다지기,✓,✓
385,파인애플,실온(숙성) → 냉장,실온 / 냉장 7~13℃,실온 2~3일 / 냉장 1주 / 자른 것 3~5일,저온장해 주의. 자른 후에는 밀폐 냉장,돼지고기 / 햄 / 스테이크,-,생식 / 주스 / 탕수육,✓,✓
386,파채,냉장,0~4℃,3~5일,물에 담가 냉장 가능. 빠른 섭취,냉면 / 고기 / 골뱅이무침,-,고명 / 무침,✓,✓
387,파프리카,냉장,7~10℃,1~2주,밀폐 냉장,고기 꼬치 / 샐러드 / 볶음밥,-,생식 / 볶음 / 구이,✓,✓
388,파프리카가루,실온,밀폐 건냉소,1~2년,밀폐 필수. 색 바램 방지 위해 차광,헝가리 굴라쉬 / 감자 / 고기 시즈닝,-,향신료 / 양념,✓,✓
389,팥,실온,밀폐 건냉소,밀폐 실온 1~2년,밀폐 보관. 벌레 주의,찹쌀 / 찐빵 / 빙수,-,죽 / 떡 / 빙수,✓,✓
390,팽이버섯,냉장/냉동,냉장 0~4℃ / 냉동 -18℃,냉장 3~5일 / 냉동 6개월,수분 많아 변질 빠름. 밑동 잘라 지퍼백 공기 빼고 냉동 권장,차돌박이 / 소고기 / 두부,-,구이 / 국 / 볶음,✓,✓
391,페페론치노,실온,밀폐 건냉소,1~2년,건조 매운 고추. 밀폐 보관,올리브유 / 마늘 / 파스타,-,파스타 / 향 내기,✓,✓
392,포도,냉장(김치냉장고 권장),0℃ / 상대습도 90~95%,1~2주,농진청 기준. 씻지 않고 냉장. 먹기 직전 세척. 송이 상태 유지,치즈 / 와인 / 요거트,-,생식 / 주스 / 잼,✓,✓
393,포도주스,냉장,0~4℃,개봉 전 유통기한 / 개봉 후 냉장 7~10일,개봉 후 밀봉 냉장,칵테일 / 음료 / 소르베,-,음용,✓,✓
394,표고버섯,냉장/냉동/실온(건조),냉장 0~4℃ / 냉동 -18℃,생 냉장 1주 / 냉동 3~6개월 / 건조 1년,생표고는 키친타월·신문지로 감싸 냉장. 냉동 시 감칠맛 진해짐. 건조 시 장기보관,돼지고기 / 소고기 / 다시마,-,볶음 / 국물 / 구이,✓,✓
395,풋고추,냉장,0~5℃,1~2주,밀폐 냉장,된장 / 멸치 / 삼겹살,-,생식 / 볶음 / 장아찌,✓,✓
396,피망,냉장,7~10℃,1~2주,냉장 보관,볶음요리 / 꼬치구이 / 피자 토핑,-,볶음 / 생식 / 구이,✓,✓
397,피스타치오,실온/냉장/냉동,실온 밀폐 / 냉장 / 냉동,실온 1~3개월 / 냉장 6개월 / 냉동 1~2년,산패 빠름. 밀폐 필수,요거트 / 샐러드 / 아이스크림,-,토핑 / 베이킹,✓,✓
398,피자,냉장/냉동,냉장 0~4℃ / 냉동 -18℃,냉장 3~4일 / 냉동 1~2개월,완성된 피자 기준,콜라 / 맥주 / 피클,-,굽기,✓,✓
399,피클,실온/냉장,실온 건냉소 / 개봉 후 냉장,개봉 전 1~2년 / 개봉 후 냉장 1~3개월,식초 절임. 개봉 후 냉장,햄버거 / 피자 / 샌드위치 / 핫도그,-,반찬 / 토핑,✓,✓
400,한라봉,실온/냉장,실온 10~15℃ / 냉장 5~10℃,실온 1~2주 / 냉장 2~3주,건조 주의. 신문지로 감싸면 수분 유지,꿀 / 요거트 / 에이드,-,생식 / 주스 / 청,✓,✓
401,할라피뇨,냉장,0~4℃,1~2주,피클 형태는 유통기한 내 장기보관 가능,나초 / 또띠아 / 햄버거,-,토핑 / 피클,✓,✓
402,함박스테이크,냉장/냉동,냉장 0~4℃ / 냉동 -18℃ 이하,냉장 1~2일(생) / 냉동 3개월,다진 고기 제품,데미글라스소스 / 당근 / 감자,-,굽기 / 소스,✓,✓
403,핫소스,실온/냉장,실온 건냉소 / 개봉 후 냉장,개봉 전 유통기한 / 개봉 후 냉장 1~2년,산도 높음. 개봉 후 냉장 권장,치킨 / 타코 / 계란,-,소스 / 양념,✓,✓
404,햄,냉장/냉동,냉장 0~4℃ / 냉동 -18℃ 이하,냉장 개봉 전 제품 유통기한 / 개봉 후 3~5일 / 냉동 1~2개월,USDA: 가공육 냉동 1~2개월. 개봉 후 빠른 섭취,치즈 / 계란 / 빵,-,샌드위치 / 볶음 / 구이,✓,✓
405,허브솔트,실온,밀폐 건냉소,1~2년,밀폐 필수,스테이크 / 감자구이 / 닭가슴살,-,양념 / 간,✓,✓
406,헤이즐넛,실온/냉장/냉동,실온 밀폐 / 냉장 / 냉동,실온 1~2개월 / 냉장 6개월 / 냉동 1~2년,밀폐 필수,초콜릿 / 커피 / 디저트,-,토핑 / 베이킹 / 가루,✓,✓
407,현미,실온/냉장,실온 밀폐 건냉소 / 냉장 0~10℃,실온 3~6개월 / 냉장 6~12개월,쌀보다 산패 빠름(배아 있음). 장기 보관 시 냉장 권장,콩 / 보리 / 서리태,-,밥 / 차 / 미숫가루,✓,✓
408,호두,냉장/냉동,냉장 0~4℃ / 냉동 -18℃,실온 1~2개월 / 냉장 6개월 / 냉동 1~2년,오메가-3 풍부로 산패 빠름. 냉장 권장,대추 / 곶감 / 샐러드 / 꿀,-,토핑 / 베이킹 / 강정,✓,✓
409,호박,실온/냉장,10~15℃ / 냉장 5~10℃,실온 1~2개월 / 냉장 1주,통째로는 서늘한 실온. 자르면 냉장,들깨 / 새우 / 소고기,-,전 / 찜 / 수프,✓,✓
410,홀그레인머스타드,냉장,0~4℃,개봉 후 냉장 1년,산도 높아 장기보관,샐러드 드레싱 / 스테이크 / 햄,-,드레싱 / 소스,✓,✓
411,홍고추,냉장,0~5℃,1~2주,밀폐 냉장. 장기 보관 시 냉동,무침 장식 / 김치 / 장아찌 고명,-,고명 / 양념 / 장아찌,✓,✓
412,홍합,냉장/냉동,냉장 0~4℃ / 냉동 -18℃ 이하,냉장 1~2일 / 냉동 2~3개월,껍질 깨끗이 씻고 수염 제거 후 보관. 입이 벌어진 것은 폐기,마늘 / 화이트와인 / 토마토 / 미역,-,찜 / 탕 / 파스타,✓,✓
413,화이트초콜릿,실온,15~20℃ 건냉소,6개월~1년,우유 함량 높아 다크초콜릿보다 저장성 짧음,베리 / 크림 / 마카다미아 쿠키,-,베이킹 / 디저트,✓,✓
414,황태,실온/냉장/냉동,밀폐 건냉소 / 냉장 0~4℃,실온 2~3개월 / 냉장 6개월 / 냉동 1년,명태를 얼렸다 녹였다 반복하여 건조한 것. 건조도가 높아 저장성 좋음. 습기 주의,계란 / 무 / 콩나물,-,국 / 구이 / 찜,✓,✓
415,황태채,실온/냉장/냉동,밀폐 건냉소,실온 2~3개월 / 냉장 6개월 / 냉동 1년,건조 황태를 찢은 것. 밀폐 보관으로 습기 차단,고추장 / 마요네즈 / 참기름,-,무침 / 볶음 / 국,✓,✓
416,후추,실온,밀폐 건냉소,통후추 2~3년 / 갈은 것 6개월~1년,통후추가 향 유지 길다. 밀폐 필수,스테이크 / 카레 / 계란 / 수프,-,간 / 향신료,✓,✓
417,훈제오리,냉장/냉동,냉장 0~4℃ / 냉동 -18℃ 이하,냉장 개봉 전 유통기한 / 개봉 후 5~7일 / 냉동 1~2개월,훈제 가공품. 개봉 후 빠른 섭취 권장,부추 / 머스타드 / 샐러드,-,구이 / 볶음 / 샐러드,✓,✓
418,휘핑크림,냉장,0~4℃,개봉 전 유통기한 / 개봉 후 3~5일,유통기한 엄수. 동물성/식물성 차이 있음,딸기 / 초콜릿 / 커피,-,토핑 / 디저트,✓,✓
419,흑미,실온/냉장,실온 밀폐 건냉소 / 냉장 0~10℃,실온 3~6개월 / 냉장 6~12개월,배아 있어 산패 빠름. 장기 보관 시 냉장,백미 / 찹쌀 / 잡곡,-,밥 / 죽,✓,✓
420,흑설탕,실온,밀폐 건냉소,무기한(밀폐 시),수분 있어 굳기 쉬움. 밀폐 필수,베이킹 / 매실청 / 커피,-,감미료 / 베이킹,✓,✓
422,la갈비,냉장/냉동,냉장 0~4℃ / 냉동 -18℃ 이하,냉장 3~5일(생) / 양념 후 냉동 2~3개월,양념 후에는 산패 빠르므로 냉동 3개월 이내 권장,배 / 양파 / 파인애플,-,구이 / 양념구이,✓,✓
423,갈릭디핑소스,냉장,0~4℃,개봉 후 냉장 1~2개월,마늘 베이스. 반드시 냉장,피자 / 치킨 / 빵,-,소스 / 딥,✓,✓
424,갑오징어,냉장/냉동,냉장 0~4℃ / 냉동 -18℃ 이하,냉장 1~2일 / 냉동 3~6개월,손질 후 소분 냉동. 회용은 당일,간장 / 초고추장 / 마늘,-,회 / 볶음 / 구이,✓,✓
425,강낭콩,실온,밀폐 건냉소,건조 실온 1~2년 / 삶은 것 냉장 3~5일,밀폐 보관,쌀 / 토마토 / 베이컨,-,밥 / 스튜 / 조림,✓,✓
426,강황가루,실온,밀폐 건냉소,1~2년,밀폐 필수,카레 / 후추 / 우유,-,카레 / 향신료,✓,✓
427,건포도,실온/냉장,밀폐 건냉소 / 냉장 0~4℃,실온 6개월 / 냉장 1년 이상,건조 가공품. 밀봉 보관. 습기 주의,시리얼 / 빵 / 요거트,-,베이킹 / 토핑,✓,✓
428,계피가루,실온,밀폐 건냉소,1~2년,밀폐 필수. 향 휘발 주의,사과 / 커피 / 빵,-,베이킹 / 음료,✓,✓
429,고구마전분,실온,밀폐 건냉소,밀폐 실온 1~2년,밀폐 보관,튀김옷 / 당면,-,튀김옷 / 전분물,✓,✓
430,고다치즈,냉장,0~4℃,개봉 전 유통기한 / 개봉 후 3~4주,네덜란드 하드치즈. 진공포장 권장,빵 / 과일 / 샐러드,-,샌드위치 / 슬라이스,✓,✓
431,고르곤졸라,냉장,0~4℃,개봉 전 유통기한 / 개봉 후 3~4주,푸른곰팡이 치즈. 곰팡이는 정상. 밀봉 보관,꿀 / 배 / 호두,-,피자 / 파스타,✓,✓
432,곤약,냉장,0~4℃,개봉 전 유통기한 / 개봉 후 물 갈아주며 3~5일,포장 물 속 보관. 개봉 후 빠른 섭취,어묵탕 / 오뎅 / 샤브샤브,-,삶기 / 조림,✓,✓
433,곤약면,실온/냉장,실온 / 개봉 후 냉장,개봉 전 유통기한 / 개봉 후 냉장 5~7일,포장 물 속 보관,쯔유 / 오이 / 저칼로리 드레싱,-,삶기 / 비빔,✓,✓
434,과메기,냉장/냉동,냉장 0~4℃ / 냉동 -18℃ 이하,냉장 2~3일 / 냉동 1~2개월,반건조 청어/꽁치. 기름 산패 빠름. 한 마리씩 밀봉 후 냉동. 재냉동 금지,미역 / 마늘 / 초고추장 / 쪽파,-,쌈 / 회,✓,✓
435,관자,냉장/냉동,냉장 0~4℃ / 냉동 -18℃ 이하,냉장 1~2일 / 냉동 3~6개월,가리비의 관자. 진공 포장이 이상적. 해동 후 재냉동 금지,버터 / 마늘 / 레몬,-,구이 / 버터구이,✓,✓
436,관찰레,냉장,0~4℃,개봉 전 2~3개월 / 개봉 후 2~3주,이탈리아 돼지 볼살 염장품. 카르보나라 재료. 밀봉 보관,빵 / 샐러드 / 파스타,-,샤퀴테리 / 파스타,✓,✓
437,광어,냉장/냉동,냉장 0~4℃ / 냉동 -18℃ 이하,냉장 1~2일 / 냉동 3~6개월,흰살 생선. 회용은 당일 섭취. 손질 후 소분 냉동,초장 / 레몬 / 간장,-,회 / 구이,✓,✓
438,그라나 파다노,냉장,0~4℃,덩어리 개봉 후 2~4개월,이탈리아 하드치즈. 밀봉 보관. 곰팡이는 도려내고 사용,파스타 / 리조또 / 샐러드,-,갈아쓰기 / 토핑,✓,✓
439,금귤,냉장,0~4℃,1~2주,껍질째 섭취. 밀봉 보관,꿀 / 차,-,청 / 생식 / 마멀레이드,✓,✓
440,기버터,실온/냉장,실온 서늘한 곳 / 냉장 0~4℃,실온 3~6개월 / 냉장 1년,수분·유단백 제거되어 저장성 매우 좋음. 밀폐만 유지,인도요리 / 볶음 / 빵,-,볶음 / 조리,✓,✓
441,기장,실온,밀폐 건냉소,밀폐 실온 1년,잡곡류. 밀폐 보관,쌀 / 잡곡 믹스,-,밥 / 죽,✓,✓
442,까망베르,냉장,0~4℃,개봉 전 유통기한 / 개봉 후 1~2주,소프트 치즈. 먹기 30분 전 실온 꺼내기,크래커 / 와인 / 견과류 / 무화과,-,치즈 플레이트,✓,✓
443,깜빠뉴,실온/냉동,실온 건냉소 / 냉동 -18℃,실온 3~5일 / 냉동 2~3개월,프랑스 시골빵. 저장성 좋음,버터 / 치즈 / 수프,-,샌드위치 / 토스트,✓,✓
444,꽃게액젓,실온/냉장,실온 건냉소 / 개봉 후 냉장,개봉 전 2년 / 개봉 후 냉장 1~2년,발효식품. 염도 높음. 개봉 후 냉장,김치 / 무침,-,양념,✓,✓
445,난,실온/냉동,실온 건냉소 / 냉동 -18℃,실온 2~3일 / 냉동 1~2개월,인도 빵. 냉동 권장,카레 / 치킨티카 / 훔무스,-,팬에 굽기,✓,✓
446,넛맥,실온,밀폐 건냉소,통 2~3년 / 가루 1년,밀폐 필수,베이킹 / 베샤멜소스 / 감자 수프,-,향신료,✓,✓
447,노두유,실온/냉장,실온 건냉소 / 개봉 후 냉장,개봉 전 2~3년 / 개봉 후 냉장 1년,중국식 검은 간장. 개봉 후 냉장,중국요리 / 볶음 / 장조림,-,양념 / 조림,✓,✓
448,농어,냉장/냉동,냉장 0~4℃ / 냉동 -18℃ 이하,냉장 1~2일 / 냉동 3~6개월,흰살 생선. 회용은 당일 섭취. 손질 후 소분 냉동,레몬 / 허브 / 마늘,-,구이 / 회 / 찜,✓,✓
449,뇨끼,냉장/냉동,냉장 0~4℃ / 냉동 -18℃,냉장 2~3일 / 냉동 2~3개월,감자 반죽 파스타. 건조품도 있음(실온 1년),크림소스 / 토마토소스 / 바질,-,삶기 / 소스,✓,✓
450,누룽지,실온,밀폐 건냉소,1~3개월,건조품. 습기 주의. 밀폐 보관,물 / 조청,-,끓이기 / 간식,✓,✓
451,능이버섯,냉장/냉동,냉장 0~4℃ / 냉동 -18℃,생 2~3일 / 냉동 6개월,고급 자연산. 변질 빠름. 소분 냉동 권장,소고기 / 닭고기,-,국 / 볶음,✓,✓
452,다진닭고기,냉장/냉동,냉장 0~4℃ / 냉동 -18℃ 이하,냉장 1~2일 / 냉동 3~4개월,USDA: 다진 닭고기 냉동 3~4개월,양파 / 마늘 / 생강,-,완자 / 볶음 / 미트볼,✓,✓
453,닭 근위,냉장/냉동,냉장 0~4℃ / 냉동 -18℃ 이하,냉장 1~2일 / 냉동 3~4개월,닭 모래주머니. 내장류에 준함,대파 / 간장 / 참기름,-,구이 / 볶음,✓,✓
454,닭 목살,냉장/냉동,냉장 0~4℃ / 냉동 -18℃ 이하,냉장 1~2일 / 냉동 9개월,구이용. USDA: 닭 부위 냉동 9개월,소금 / 마늘 / 대파,-,구이 / 볶음,✓,✓
455,닭 안심,냉장/냉동,냉장 0~4℃ / 냉동 -18℃ 이하,냉장 1~2일 / 냉동 9개월,다이어트 식품. USDA: 닭 부위 냉동 9개월,샐러드 / 브로콜리 / 레몬,-,찜 / 구이 / 샐러드,✓,✓
456,닭껍질,냉장/냉동,냉장 0~4℃ / 냉동 -18℃ 이하,냉장 1~2일 / 냉동 3~4개월,지방 많아 산패 빠름. 소분 냉동 권장,소금 / 후추 / 마늘,-,구이 / 튀김,✓,✓
457,닭발,냉장/냉동,냉장 0~4℃ / 냉동 -18℃ 이하,냉장 1~2일 / 냉동 3~6개월,손질 후 소분 냉동,고추장 / 마늘 / 청양고추 / 콩나물,-,찜 / 구이 / 무침,✓,✓
458,닭볶음탕용 닭,냉장/냉동,냉장 0~4℃ / 냉동 -18℃ 이하,냉장 1~2일 / 냉동 9~12개월,토막 낸 닭고기. USDA 기준,감자 / 당근 / 양파 / 고추장,-,찜 / 볶음,✓,✓
459,닭뼈,냉동,-18℃ 이하,6개월,육수용. 소분 냉동. 해동 후 재냉동 금지,대파 / 양파 / 마늘,-,육수,✓,✓
460,대게,냉장/냉동,냉장 0~4℃ / 냉동 -18℃ 이하,냉장 1일 / 냉동 최대 10개월,갑각류. 찜 조리 후 소분 냉동 가능. 살아있는 것은 구입 당일 조리,버터 / 레몬 / 초간장,-,찜 / 탕 / 국,✓,✓
461,대구,냉장/냉동,냉장 0~4℃ / 냉동 -18℃ 이하,냉장 1~2일 / 냉동 최대 6~8개월,기름 적은 흰살 생선. USDA 기준 6~8개월 냉동 가능. 손질 후 소분 냉동,무 / 두부 / 대파 / 고춧가루,-,탕 / 전 / 조림,✓,✓
462,더덕,냉장,0~4℃,2주,흙 묻은 채 신문지로 감싸 보관,고추장 / 참기름 / 꿀,-,구이 / 무침 / 술,✓,✓
463,데리야끼소스,냉장,0~4℃,개봉 전 유통기한 / 개봉 후 냉장 6개월,개봉 후 냉장,닭고기 / 연어 / 소고기,-,양념 / 글레이즈,✓,✓
464,데킬라,실온,건냉소,미개봉 무기한 / 개봉 후 1~2년,증류주. 직사광선 피하기,라임 / 소금 / 칵테일,-,음용 / 칵테일,✓,✓
465,도가니,냉장/냉동,냉장 0~4℃ / 냉동 -18℃ 이하,냉장 2~3일 / 냉동 4~6개월,소 무릎 연골. 도가니탕용. 핏물 제거 후 냉동,대파 / 마늘 / 무,-,탕 / 수육,✓,✓
466,도라지,냉장,0~4℃,1~2주,손질 후엔 물에 담가 보관. 자주 물 갈아주기,고추장 / 꿀 / 소금,-,무침 / 차 / 튀김,✓,✓
467,도토리가루,실온/냉장,밀폐 건냉소 / 냉장 0~10℃,실온 6개월 / 냉장 1년,밀폐 필수,도토리묵 / 수제비,-,묵 / 수제비,✓,✓
468,도화새우,냉장/냉동,냉장 0~4℃ / 냉동 -18℃ 이하,냉장 1일 / 냉동 3~6개월,고급 새우. 회용은 당일. 손질 후 소분 냉동,간장 / 레몬 / 버터,-,회 / 구이,✓,✓
469,돈부리소스,실온/냉장,실온 / 개봉 후 냉장,개봉 전 유통기한 / 개봉 후 냉장 6개월,개봉 후 냉장,밥 / 계란 / 돼지고기,-,덮밥 / 소스,✓,✓
470,돼지 가브리살,냉장/냉동,냉장 0~4℃ / 냉동 -18℃ 이하,냉장 3~5일 / 냉동 4~6개월,구이용. 진공포장 시 냉장 2주,상추 / 마늘 / 된장,-,구이 / 쌈,✓,✓
471,돼지 간,냉장/냉동,냉장 0~4℃ / 냉동 -18℃ 이하,냉장 1~2일 / 냉동 3~4개월,내장류. USDA 기준 냉동 3~4개월. 손질 후 즉시 사용·냉동,부추 / 마늘 / 참기름,-,볶음 / 전,✓,✓
472,돼지 갈비살,냉장/냉동,냉장 0~4℃ / 냉동 -18℃ 이하,냉장 3~5일 / 냉동 4~6개월,구이용. 진공포장 시 냉장 2주,간장 / 배 / 양파,-,구이 / 찜,✓,✓
473,돼지 곱창,냉장/냉동,냉장 0~4℃ / 냉동 -18℃ 이하,냉장 1~2일 / 냉동 3~4개월,내장류. 손질 직후 소비·냉동,부추 / 깻잎 / 고추장 / 들깨가루,-,볶음 / 구이 / 전골,✓,✓
474,돼지 껍데기,냉장/냉동,냉장 0~4℃ / 냉동 -18℃ 이하,냉장 3~5일 / 냉동 3~6개월,손질 후 소분 냉동,간장 / 고추장 / 들깨가루,-,볶음 / 무침,✓,✓
475,돼지 대패목살,냉장/냉동,냉장 0~4℃ / 냉동 -18℃ 이하,냉장 3~5일 / 냉동 4~6개월,얇게 슬라이스된 목살. 소분 냉동,마늘 / 상추 / 된장,-,볶음 / 구이,✓,✓
476,돼지 뒷고기,냉장/냉동,냉장 0~4℃ / 냉동 -18℃ 이하,냉장 3~5일 / 냉동 4~6개월,구이용 희소부위. 진공포장 시 냉장 2주,마늘 / 양파 / 대파,-,구이 / 수육,✓,✓
477,돼지 등갈비,냉장/냉동,냉장 0~4℃ / 냉동 -18℃ 이하,냉장 3~5일 / 냉동 4~6개월,폭립용. 진공포장 시 냉장 2주,바베큐소스 / 감자 / 양파,-,구이 / 조림 / 찜,✓,✓
478,돼지 막창,냉장/냉동,냉장 0~4℃ / 냉동 -18℃ 이하,냉장 1~2일 / 냉동 3~4개월,내장류. 손질 후 즉시 섭취·냉동,소금 / 부추 / 마늘,-,구이 / 볶음,✓,✓
479,돼지 오겹살,냉장/냉동,냉장 0~4℃ / 냉동 -18℃ 이하,냉장 3~5일 / 냉동 4~6개월,지방 많음. 진공포장·소분 냉동 권장,마늘 / 상추 / 된장 / 새우젓,-,구이 / 수육 / 보쌈,✓,✓
480,딸리아텔레,실온,밀폐 건냉소,건면 실온 1~2년,넓은 건면,볼로네제 소스 / 크림소스 / 버섯,-,삶기 / 파스타,✓,✓
481,떡갈비,냉장/냉동,냉장 0~4℃ / 냉동 -18℃ 이하,냉장 1~2일(생) / 냉동 3개월,다진 고기 제품. USDA 기준 냉동 3~4개월,양파 / 간장 / 배,-,구이 / 조림,✓,✓
482,라드,실온/냉장,실온 건냉소 / 개봉 후 냉장,실온 4개월 / 냉장 1년,돼지기름. 개봉 후 냉장 권장,베이킹 / 볶음 / 중화요리,-,튀김 / 베이킹,✓,✓
483,라르도,냉장,0~4℃,개봉 전 1~2개월 / 개봉 후 2~3주,이탈리아 돼지기름 염장품. 밀봉 보관,빵 / 와인 / 후추,-,샤퀴테리 / 슬라이스,✓,✓
484,라비올리,냉장/냉동,냉장 0~4℃ / 냉동 -18℃,냉장 2~3일 / 냉동 2~3개월,속 채운 파스타. 생면,토마토소스 / 버터 / 세이지,-,삶기 / 소스,✓,✓
485,라오간마,냉장,0~10℃,개봉 전 유통기한 / 개봉 후 냉장 6개월,중국 고추 소스. 개봉 후 냉장,밥 / 면 / 볶음요리,-,양념 / 볶음,✓,✓
486,라임,실온/냉장,실온 10~15℃ / 냉장 5~10℃,실온 1주 / 냉장 3~4주,밀봉 냉장 시 오래 보관. 시들기 시작하면 즙내어 냉동 권장,고수 / 타코 / 칵테일,-,제스트 / 즙 / 가니시,✓,✓
487,라임잎,냉동,-18℃ 이하,1년,카피르 라임잎. 냉동 보관이 향 유지 최적,톰얌쿵 / 커리 / 태국요리,-,향 내기 / 국물,✓,✓
488,라임즙,냉장/냉동,냉장 0~4℃ / 냉동 -18℃,개봉 후 냉장 4~6개월 / 냉동 1년,시판 제품. 산도 높아 저장성 좋음,과카몰리 / 칵테일 / 샐러드,-,드레싱 / 음료,✓,✓
489,라자냐면,실온,밀폐 건냉소,건면 1~2년,밀폐 필수,미트소스 / 베샤멜 / 모짜렐라,-,라자냐,✓,✓
490,라자냐시트,실온,밀폐 건냉소,건조 1~2년,밀폐 필수,미트소스 / 베샤멜 / 치즈,-,라자냐,✓,✓
491,라즈베리,냉장/냉동,냉장 0~4℃ / 냉동 -18℃,냉장 2~3일 / 냉동 6~12개월,매우 상하기 쉬움. 구입 후 빠른 섭취. 씻지 않고 보관,초콜릿 / 크림 / 요거트,-,생식 / 디저트 / 잼,✓,✓
492,랍스터,냉장/냉동,냉장 0~4℃ / 냉동 -18℃ 이하,냉장(살아있는 것) 24시간 이내 / 냉동 최대 6~10개월,살아있는 것은 구입 당일 조리. 찜/삶은 후 소분 냉동 가능,버터 / 레몬 / 마늘 / 샴페인,-,찜 / 구이 / 비스크,✓,✓
493,랑구스틴,냉장/냉동,냉장 0~4℃ / 냉동 -18℃ 이하,냉장 1일 / 냉동 3~6개월,유럽식 소형 랍스터. 대부분 수입 냉동 제품. 해동 후 재냉동 금지,버터 / 마늘 / 화이트와인,-,구이 / 파스타 / 스튜,✓,✓
494,래디쉬,냉장,0~4℃,1~2주,잎 제거 후 밀폐용기 냉장,버터 / 소금 / 샐러드,-,생식 / 피클 / 샐러드,✓,✓
495,럼,실온,건냉소,미개봉 무기한 / 개봉 후 1~2년,증류주. 직사광선 피하기,콜라 / 민트 / 라임,-,음용 / 베이킹,✓,✓
496,레드와인,실온(저장고) / 냉장(개봉 후),15~18℃ / 냉장 0~4℃,미개봉 5~10년 / 개봉 후 3~5일,개봉 후 진공마개 또는 코르크 후 냉장,스테이크 / 치즈 / 다크초콜릿,-,음용 / 조리 / 소스,✓,✓
497,레몬그라스,냉장/냉동,냉장 0~4℃ / 냉동 -18℃,냉장 2~3주 / 냉동 6개월 / 건조 1년,생것은 냉장·냉동 / 건조품은 실온,코코넛밀크 / 고수 / 레몬잎,-,향 내기 / 수프,✓,✓
498,레몬청,냉장,0~10℃,3~6개월,냉장 필수,탄산수 / 차 / 드레싱,-,음용 / 드레싱,✓,✓
499,레시틴,실온/냉장,밀폐 건냉소 / 냉장,개봉 후 6개월~1년,유화제. 냉장 권장,베이킹 / 초콜릿,-,베이킹 / 보조제,✓,✓
500,렌치소스,냉장,0~4℃,개봉 후 냉장 1~2개월,유제품 베이스. 반드시 냉장,샐러드 / 감자튀김 / 치킨윙,-,드레싱 / 딥,✓,✓
501,렌틸콩,실온,밀폐 건냉소,밀폐 실온 1~2년,불릴 필요 없는 작은 콩. 밀폐 보관,쌀 / 토마토 / 양파,-,수프 / 스튜 / 샐러드,✓,✓
502,로제파스타소스,냉장,0~4℃,개봉 전 유통기한 / 개봉 후 냉장 5~7일,유제품 베이스. 개봉 후 빠른 섭취,파스타 / 새우 / 베이컨,-,파스타 / 소스,✓,✓
503,루꼴라,냉장,0~4℃,3~5일,키친타월 감싸 밀폐 냉장,토마토 / 파마산치즈 / 프로슈토,-,샐러드 / 피자 토핑,✓,✓
504,리가토니,실온,밀폐 건냉소,건면 실온 1~2년,튜브 모양 건면,볼로네제 / 크림소스 / 토마토소스,-,삶기 / 파스타,✓,✓
505,리치,냉장/냉동,냉장 0~4℃ / 냉동 -18℃,냉장 5~7일 / 냉동 6개월,열대과일이지만 변질 빠름. 냉장 보관,샴페인 / 칵테일 / 디저트,-,생식 / 칵테일,✓,✓
506,리코타치즈,냉장,0~4℃,개봉 전 유통기한 / 개봉 후 5~7일,유청 치즈. 변질 빠름. 신선한 상태에서 사용,라자냐 / 라비올리 / 팬케이크,-,베이킹 / 속 / 샐러드,✓,✓
507,릭,냉장,0~4℃,1~2주,서양식 대파. 신문지로 감싸 냉장,감자 / 버터 / 양파,-,수프 / 볶음,✓,✓
508,링귀니,실온,밀폐 건냉소,건면 실온 1~2년,건면. 밀폐 보관,바지락 / 새우 / 페스토,-,삶기 / 파스타,✓,✓
509,마가린,냉장,0~4℃,개봉 전 유통기한 / 개봉 후 2~3개월,버터 대체품. 밀봉 보관,빵 / 베이킹,-,베이킹 / 스프레드,✓,✓
510,마스카포네,냉장,0~4℃,개봉 전 유통기한 / 개봉 후 3~5일,소프트 치즈. 변질 빠름. 밀봉 필수,티라미수 / 딸기 / 크림 파스타,-,디저트 / 소스,✓,✓
511,마카다미아,냉장/냉동,냉장 0~4℃ / 냉동 -18℃,실온 1개월 / 냉장 6~12개월 / 냉동 2년,지방 많음. 냉장 권장,초콜릿 / 커피 / 베이킹,-,베이킹 / 토핑,✓,✓
512,막걸리,냉장,0~10℃,생막걸리 냉장 10~30일 / 살균 1년,발효 진행. 냉장 필수. 생막걸리는 실온 시 5일,파전 / 김치전 / 두부김치,-,음용,✓,✓
513,말차가루,냉장/냉동,냉장 0~4℃ / 냉동 -18℃,개봉 후 냉장 1~2개월 / 냉동 6개월,산화 매우 빠름. 냉장·냉동 필수,우유 / 팥 / 화이트초콜릿,-,음료 / 베이킹,✓,✓
514,맛조개,냉장/냉동,냉장 0~4℃ / 냉동 -18℃ 이하,냉장 1일 / 냉동 2~3개월,해감 후 조리. 살아있는 것 우선 섭취,버터 / 마늘 / 화이트와인,-,구이 / 찜 / 술찜,✓,✓
515,메로,냉장/냉동,냉장 0~4℃ / 냉동 -18℃ 이하,냉장 2~3일 / 냉동 3~6개월,기름 많은 고급 생선(흑대구). 급속 냉동 제품 많음. 해동 후 재냉동 금지,간장 / 무 / 생강,-,구이 / 조림,✓,✓
516,메밀,실온,밀폐 건냉소,6개월~1년,밀폐 필수,무 / 쯔유 / 김,-,국수 / 죽,✓,✓
517,메밀가루,냉장,0~10℃,3~6개월,산패 빠름. 냉장 권장,부침가루 / 밀가루 / 소바,-,면 / 전,✓,✓
518,메밀소바소스,실온/냉장,실온 / 개봉 후 냉장,개봉 후 냉장 1~2개월,개봉 후 냉장,메밀면 / 무즙 / 와사비,-,찍먹 / 국물,✓,✓
519,멸치가루,냉동,-18℃ 이하,6개월,산패 빠름. 냉동 필수,미역국 / 된장찌개 / 김치,-,국물 베이스 / 양념,✓,✓
520,모과청,냉장,0~10℃,6개월~1년,냉장 필수,차 / 탄산수,-,차 / 음료,✓,✓
521,모르타델라,냉장,0~4℃,개봉 전 유통기한 / 개봉 후 3~5일,이탈리아식 대형 소시지. 개봉 후 빠른 섭취,빵 / 치즈 / 와인,-,샌드위치 / 안주,✓,✓
522,무뼈닭발,냉장/냉동,냉장 0~4℃ / 냉동 -18℃ 이하,냉장 1~2일 / 냉동 3~6개월,뼈 제거된 닭발. 소분 냉동,고추장 / 마늘 / 대파,-,찜 / 구이 / 무침,✓,✓
523,무화과,냉장,0~4℃,2~3일,매우 상하기 쉬움. 구입 즉시 섭취 권장,프로슈토 / 염소치즈 / 꿀,-,생식 / 잼 / 샐러드,✓,✓
524,미니당근,냉장,0~4℃,2~3주,밀봉 또는 물에 담가 냉장,꿀 / 버터 / 오븐구이,-,오븐구이 / 볶음,✓,✓
525,미니족,냉장/냉동,냉장 0~4℃ / 냉동 -18℃ 이하,냉장 2~3일 / 냉동 4~6개월,돼지 족. 핏물 제거 후 소분 냉동,간장 / 대파,-,삶기 / 조림,✓,✓
526,미숫가루,실온/냉장,밀폐 건냉소 / 냉장 0~10℃,실온 3개월 / 냉장 6~12개월,장기 보관 시 냉장 권장,우유 / 꿀 / 얼음,-,음용 / 간식,✓,✓
527,바닐라빈,실온,밀폐 건냉소,1~2년,밀폐 필수. 향 보존,우유 / 크림 / 설탕,-,디저트 / 크림,✓,✓
528,바닐라익스트랙,실온,밀폐 건냉소,개봉 후 1~2년,알코올 기반. 장기 보관 가능,베이킹 / 커스터드,-,베이킹,✓,✓
529,발사믹글레이즈,실온,건냉소,개봉 후 1년,농축 발사믹,카프레제 / 스테이크 / 딸기,-,드레싱 / 가니시,✓,✓
530,방울양배추,냉장,0~4℃,2~3주,밀폐 냉장,베이컨 / 버터 / 발사믹,-,볶음 / 오븐구이,✓,✓
531,버터밀크,냉장,0~4℃,개봉 전 유통기한 / 개봉 후 1~2주,발효유 제품. 밀봉 보관,팬케이크 / 비스킷 / 치킨튀김,-,베이킹 / 마리네이드,✓,✓
532,베르무트,냉장(개봉 후),0~4℃,미개봉 2~3년 / 개봉 후 냉장 1~3개월,가향 와인. 개봉 후 냉장 필수,칵테일 / 조개 찜 / 크림소스,-,음용 / 소스,✓,✓
533,보드카,실온,건냉소,미개봉 무기한 / 개봉 후 1~2년,증류주. 저온 상태 유지 시 장기보관,토마토주스 / 탄산수 / 칵테일,-,음용 / 칵테일,✓,✓
534,보콘치니,냉장,0~4℃,개봉 전 유통기한 / 개봉 후 3~5일,미니 모차렐라. 액체 속 보관,토마토 / 바질 / 올리브유,-,샐러드 / 꼬치,✓,✓
535,부채살,냉장/냉동,냉장 0~4℃ / 냉동 -18℃ 이하,냉장 3~5일 / 냉동 4~12개월,스테이크·구이용. 진공포장 시 냉장 2주,소금 / 마늘 / 후추,-,스테이크 / 구이,✓,✓
536,분모자,실온,밀폐 건냉소,1년,건조 녹말 면. 밀폐 보관,마라탕 사리 / 훠궈 사리,-,불리기 / 마라탕,✓,✓
537,붓카티니,실온,밀폐 건냉소,건면 실온 1~2년,구멍 뚫린 건면,아마트리치아나 소스 / 판체타 / 토마토,-,삶기 / 파스타,✓,✓
538,브라질너트,냉장/냉동,냉장 0~4℃ / 냉동 -18℃,냉장 6개월 / 냉동 1~2년,지방 많음. 셀레늄 과다 주의,견과류 믹스 / 다크초콜릿,-,생식 / 토핑,✓,✓
539,브랜디,실온,건냉소,미개봉 무기한 / 개봉 후 1~2년,증류주. 직사광선 피하기,디저트 / 초콜릿 / 칵테일,-,음용 / 플람베,✓,✓
540,브리오슈 번,실온/냉동,실온 건냉소 / 냉동 -18℃,실온 2~3일 / 냉동 1~2개월,버터 많음. 소분 냉동,햄버거 / 프렌치토스트 / 버터,-,햄버거 / 베이킹,✓,✓
541,브리치즈,냉장,0~4℃,개봉 전 유통기한 / 개봉 후 1~2주,소프트 치즈. 먹기 30분 전 실온 꺼내기. 밀봉 보관,크래커 / 무화과 잼 / 바게트 / 포도,-,치즈 플레이트,✓,✓
542,블랙베리,냉장/냉동,냉장 0~4℃ / 냉동 -18℃,냉장 2~3일 / 냉동 6~12개월,매우 상하기 쉬움. 빠른 섭취,요거트 / 크림 / 다크초콜릿,-,생식 / 잼 / 디저트,✓,✓
543,블러드오렌지,냉장,0~4℃,2~3주,붉은 속살의 오렌지. 냉장 보관,샐러드 / 칵테일 / 디저트,-,생식 / 주스 / 제스트,✓,✓
544,비트,냉장,0~4℃,2~3주,잎 제거 후 비닐봉지 냉장,샐러드 / 수프 / 요거트,-,샐러드 / 주스 / 수프,✓,✓
545,사과식초,실온,건냉소,개봉 후 2년,산도 높아 자체 보존성 좋음,피클 / 드레싱 / 김치 담금,-,피클 / 드레싱,✓,✓
546,사과주스,냉장,0~4℃,개봉 전 유통기한 / 개봉 후 냉장 7~10일,개봉 후 밀봉 냉장,칵테일 / 드레싱 / 고기 양념,-,음용 / 양념,✓,✓
547,사우전드아일랜드 드레싱,냉장,0~4℃,개봉 후 냉장 1~2개월,유제품·계란 베이스. 반드시 냉장,샐러드 / 햄버거 / 샌드위치,-,드레싱 / 소스,✓,✓
548,사워도우,실온/냉동,실온 건냉소 / 냉동 -18℃,실온 3~5일 / 냉동 2~3개월,천연 발효빵. 저장성 비교적 좋음,아보카도 / 치즈 / 수프,-,토스트 / 샌드위치,✓,✓
549,사워크림,냉장,0~4℃,개봉 전 유통기한 / 개봉 후 1~2주,발효 크림이라 저장성 약간 좋음. 밀봉 보관,또띠아 / 감자 / 보르시,-,토핑 / 소스,✓,✓
550,사케,실온(열처리) / 냉장(생),15℃ 이하 어두운 곳,열처리 1년 / 생사케 6~7개월 / 개봉 후 냉장 1주,직사광선·열 피하기. 개봉 후 냉장 필수,회 / 초밥 / 생선 조림,-,음용 / 요리용,✓,✓
551,산초가루,실온,밀폐 건냉소,6개월~1년,밀폐 필수. 향 휘발 빠름,추어탕 / 장어 / 마라,-,향신료 / 양념,✓,✓
552,살구,실온→냉장,실온 / 후숙 후 냉장 0~4℃,실온 2~3일 / 냉장 1주,후숙 과일. 숙성 후 냉장,요거트 / 샐러드 / 잼,-,생식 / 잼 / 디저트,✓,✓
553,살라미,냉장,0~4℃,개봉 전 1~2개월 / 개봉 후 2~3주,건조 발효 소시지. 밀봉 보관,치즈 / 빵 / 올리브 / 와인,-,샤퀴테리 / 샌드위치,✓,✓
554,살치살,냉장/냉동,냉장 0~4℃ / 냉동 -18℃ 이하,냉장 3~5일 / 냉동 4~12개월,스테이크·구이용. 진공포장 시 냉장 2주,소금 / 마늘 / 로즈마리,-,스테이크 / 구이,✓,✓
555,새우가루,냉장/냉동,냉장 0~4℃ / 냉동 -18℃,냉장 3개월 / 냉동 6개월,산패 주의. 냉동 권장,국물 / 볶음밥 / 나물 무침,-,양념 / 간,✓,✓
556,생강즙,냉장/냉동,냉장 0~4℃ / 냉동 -18℃,냉장 1주 / 냉동 3~6개월,소분 냉동 가능,고기 재움 / 탕 요리 / 차,-,양념 / 차,✓,✓
557,생면파스타,냉장/냉동,냉장 0~4℃ / 냉동 -18℃,냉장 2~3일 / 냉동 2~3개월,생면. 냉동 권장,크림소스 / 토마토소스 / 버섯,-,삶기 / 파스타,✓,✓
558,생오리,냉장/냉동,냉장 0~4℃ / 냉동 -18℃ 이하,냉장 1~2일 / 냉동 6~9개월,가금류. USDA 닭고기 기준에 준함,마늘 / 부추 / 들깨가루,-,훈제 / 구이 / 백숙,✓,✓
559,생와사비,냉장/냉동,냉장 0~4℃ / 냉동 -18℃,냉장 1~2주 / 냉동 6개월,뿌리는 소분 냉동 권장,회 / 초밥 / 메밀국수,-,소스 / 곁들임,✓,✓
560,샬롯,실온,10~15℃ 그늘,1~2개월,양파와 유사. 통풍 잘되는 곳 보관,프렌치 요리 / 드레싱 / 소스,-,볶음 / 다지기 / 피클,✓,✓
561,석류,실온/냉장,실온 10~15℃ / 냉장 5~10℃,실온 2~3주 / 냉장 2개월,저장성 좋음. 껍질까지 단단함,샐러드 / 요거트 / 스파클링와인,-,생식 / 주스 / 토핑,✓,✓
562,선지,냉장/냉동,냉장 0~4℃ / 냉동 -18℃ 이하,냉장 1일 / 냉동 1~2개월,소·돼지 혈액 응고물. 변질 매우 빠름. 구입 당일 조리 권장,우거지 / 콩나물 / 무,-,국 / 해장국,✓,✓
563,성게알,냉장/냉동,냉장 0~4℃ / 냉동 -60℃ 이하 권장,냉장 1~2일 / 냉동 급속냉동 시 3개월,매우 변질 빠름. 구입 당일~익일 소비 강력 권장. 일반 냉동 시 맛 손실 큼,밥 / 파스타 / 김,-,생식 / 초밥 / 파스타,✓,✓
564,세이지,냉장,0~4℃,1~2주,젖은 키친타월 감싸 냉장,버터 / 라비올리 / 칠면조,-,허브 / 마리네이드,✓,✓
565,셰리와인,냉장(개봉 후),0~10℃,개봉 전 장기 / 개봉 후 냉장 1~2개월,주정강화 와인. 스타일별 1주~수 주,소스 / 수프 / 요리용,-,조리 / 소스,✓,✓
566,소 간,냉장/냉동,냉장 0~4℃ / 냉동 -18℃ 이하,냉장 1~2일 / 냉동 3~4개월,내장류는 상하기 빠름. USDA 기준 냉동 3~4개월. 손질 후 즉시 사용·냉동,참기름 / 부추 / 마늘,-,구이 / 볶음 / 무침,✓,✓
567,소 갈비살,냉장/냉동,냉장 0~4℃ / 냉동 -18℃ 이하,냉장 3~5일 / 냉동 4~12개월,구이·스테이크용. 진공포장 시 냉장 2주,소금 / 마늘 / 후추,-,구이 / 스테이크,✓,✓
568,소 곱창,냉장/냉동,냉장 0~4℃ / 냉동 -18℃ 이하,냉장 1~2일 / 냉동 3~4개월,내장류. 손질 직후 즉시 섭취 또는 냉동. 재냉동 금지,부추 / 깻잎 / 마늘 / 된장,-,구이 / 전골,✓,✓
569,소 대창,냉장/냉동,냉장 0~4℃ / 냉동 -18℃ 이하,냉장 1~2일 / 냉동 3~4개월,내장류. 지방 많아 산패 빠름. 손질 후 즉시 냉동 권장,소금 / 부추 / 마늘,-,구이 / 볶음,✓,✓
570,소 막창,냉장/냉동,냉장 0~4℃ / 냉동 -18℃ 이하,냉장 1~2일 / 냉동 3~4개월,내장류. 손질 후 즉시 섭취 또는 냉동,소금 / 부추 / 마늘,-,구이,✓,✓
571,소 양지,냉장/냉동,냉장 0~4℃ / 냉동 -18℃ 이하,냉장 3~5일 / 냉동 4~6개월,국물·수육용. 진공포장 시 냉장 2주,무 / 대파 / 마늘,-,국 / 수육,✓,✓
572,소꼬리,냉장/냉동,냉장 0~4℃ / 냉동 -18℃ 이하,냉장 2~3일 / 냉동 4~6개월,곰탕·꼬리찜용. 핏물 뺀 후 냉동,무 / 대파 / 마늘,-,곰탕 / 찜,✓,✓
573,소바면,실온/냉장,건면 실온 / 생면 냉장,건면 1~2년 / 생면 냉장 2~3일,형태별 다름,쯔유 / 무즙 / 김,-,삶기 / 냉소바,✓,✓
574,소시송,냉장,0~4℃,개봉 전 1~2개월 / 개봉 후 2~3주,프랑스식 건조 소시지. 밀봉 보관,빵 / 치즈 / 와인,-,샤퀴테리 / 안주,✓,✓
575,소프트쉘크랩,냉장/냉동,냉장 0~4℃ / 냉동 -18℃ 이하,냉장 1일 / 냉동 3~6개월,대부분 급속 냉동 제품. 해동 후 재냉동 금지,버터 / 마늘 / 레몬,-,튀김 / 볶음,✓,✓
576,송이버섯,냉장/냉동,냉장 0~4℃ / 냉동 -18℃,생 2~3일 / 냉동 6개월,고급 자연산. 향 보존 위해 빠른 사용. 키친타월 감싸 냉장,소금 / 소고기 / 참기름,-,구이 / 전골,✓,✓
577,수수,실온,밀폐 건냉소,밀폐 실온 1년,잡곡류. 밀폐 보관. 습기 주의,쌀 / 팥,-,밥 / 떡,✓,✓
578,수제비,냉장/냉동,냉장 0~4℃ / 냉동 -18℃,반죽 냉장 1일 / 냉동 1개월,생반죽. 냉동 권장,멸치 육수 / 애호박 / 감자,-,국 / 수제비,✓,✓
579,쉐브르치즈,냉장,0~4℃,개봉 전 유통기한 / 개봉 후 1~2주,염소젖 치즈. 밀봉 보관,샐러드 / 무화과 / 꿀,-,샐러드 / 치즈 플레이트,✓,✓
580,스지,냉장/냉동,냉장 0~4℃ / 냉동 -18℃ 이하,냉장 2~3일 / 냉동 4~6개월,소 힘줄. 오뎅·조림용. 손질 후 소분 냉동,무 / 간장 / 대파,-,오뎅 / 조림,✓,✓
581,스파클링와인,냉장,7~10℃,미개봉 1~3년 / 개봉 후 1~3일,탄산 유지 위해 전용 마개,치즈 / 생선 / 과일,-,음용 / 칵테일,✓,✓
582,시나몬가루,실온,밀폐 건냉소,1~2년,밀폐 필수,사과 / 커피 / 토스트 / 시나몬롤,-,베이킹 / 음료,✓,✓
583,시나몬스틱,실온,밀폐 건냉소,2~3년,스틱이 향 오래 유지,차 / 글뤼바인 / 수정과,-,차 / 향 내기,✓,✓
584,시치미,실온,밀폐 건냉소,6개월~1년,일본 7가지 양념 혼합. 밀폐 필수,우동 / 돈부리 / 오니기리,-,조미료 / 토핑,✓,✓
585,식용금박,실온,밀폐 건냉소,개봉 후 2년,장식용. 밀폐 보관,디저트 장식 / 초콜릿 / 케이크,-,장식,✓,✓
586,식용꽃,냉장,0~4℃,3~5일,장식용. 빠른 사용,샐러드 / 디저트 / 아이스큐브,-,장식 / 샐러드,✓,✓
587,썬드라이 토마토,실온/냉장,실온 건조 / 기름절임은 냉장,건조 1년 / 기름절임 개봉 후 1개월,기름절임은 개봉 후 냉장,파스타 / 샐러드 / 피자,-,파스타 / 샐러드,✓,✓
588,아가베시럽,실온,건냉소,개봉 후 1~2년,실온 장기보관,칵테일 / 팬케이크 / 드레싱,-,감미료,✓,✓
589,아귀간,냉장/냉동,냉장 0~4℃ / 냉동 -18℃ 이하,냉장 1일 / 냉동 1~2개월,지방 많아 산패 빠름. 구입 즉시 냉동 권장. 해동 후 즉시 조리,무즙 / 폰즈 / 쪽파,-,찜 / 회,✓,✓
590,아마씨,냉장/냉동,냉장 0~4℃ / 냉동 -18℃,냉장 6~12개월 / 냉동 2년,오메가-3 풍부로 산패 빠름. 냉장·냉동 필수,요거트 / 스무디 / 샐러드,-,토핑 / 베이킹,✓,✓
591,아몬드가루,냉장/냉동,냉장 0~10℃ / 냉동 -18℃,냉장 3~6개월 / 냉동 1년,지방 있어 산패 빠름. 냉장·냉동 필수,마카롱 / 프랑지판 / 글루텐프리 베이킹,-,베이킹,✓,✓
592,아보카도오일,실온,건냉소,개봉 전 2년 / 개봉 후 6~12개월,직사광선 피하기,샐러드 드레싱 / 고온 볶음 / 마리네이드,-,드레싱 / 볶음,✓,✓
593,안창살,냉장/냉동,냉장 0~4℃ / 냉동 -18℃ 이하,냉장 3~5일 / 냉동 4~6개월,구이용 희소 부위. 진공포장 시 냉장 2주,소금 / 마늘 / 상추,-,구이 / 쌈,✓,✓
594,알긴산나트륨,실온,밀폐 건냉소,2년,밀폐 필수,분자요리 / 스페리피케이션,-,분자요리 / 증점제,✓,✓
595,양갈비,냉장/냉동,냉장 0~4℃ / 냉동 -18℃ 이하,냉장 3~5일 / 냉동 4~6개월,진공포장 시 냉장 2주,로즈마리 / 마늘 / 민트 소스,-,구이 / 오븐,✓,✓
596,양대창,냉장/냉동,냉장 0~4℃ / 냉동 -18℃ 이하,냉장 1~2일 / 냉동 3~4개월,소 내장. 손질 후 소분 냉동. 재냉동 금지,소금 / 부추 / 마늘,-,구이 / 볶음,✓,✓
597,양파가루,실온,밀폐 건냉소,2~3년,밀폐 필수. 습기 주의,시즈닝 / 드레싱 / 수프,-,시즈닝,✓,✓
598,어란,냉장/냉동,냉장 0~4℃ / 냉동 -18℃ 이하,냉장 개봉 후 1주 / 냉동 3개월,숭어 등의 알을 염장 건조. 랩에 밀봉 보관,밥 / 참기름 / 김,-,고명 / 안주,✓,✓
599,얼그레이,실온,밀폐 건냉소,1~2년,가향 홍차. 밀폐 필수,우유 / 꿀 / 베이킹,-,차 / 베이킹,✓,✓
600,에그누들,실온/냉장,건면 실온 / 생면 냉장,건면 실온 1~2년 / 생면 냉장 3~5일,종류별 다름,볶음 / 차우멘 / 탕면,-,볶음 / 국수,✓,✓
601,에멘탈치즈,냉장,0~4℃,개봉 전 유통기한 / 개봉 후 3~4주,스위스 하드치즈. 진공포장 권장,퐁듀 / 샌드위치 / 샐러드,-,퐁듀 / 샌드위치,✓,✓
602,에스프레소,실온,밀폐 건냉소,원두 2~3개월 / 분쇄 1~2주,빠른 사용이 향 유지에 좋음,우유 / 초콜릿 / 설탕 / 티라미수,-,음용 / 디저트,✓,✓
603,엑스트라 버진 올리브유,실온,15~20℃ 건냉소,개봉 전 2년 / 개봉 후 3~6개월,직사광선·열 피하기,샐러드 드레싱 / 빵 찍먹 / 카프레제,-,드레싱 / 피니싱,✓,✓
604,엔초비,실온/냉장,실온 건냉소 / 개봉 후 냉장,개봉 전 1년 / 개봉 후 냉장 1~2개월,절임 멸치. 개봉 후 냉장. 기름에 잠겨야,파스타 / 시저드레싱 / 피자,-,소스 / 드레싱,✓,✓
605,엘본,실온,밀폐 건냉소,1~2년,마카로니. 밀폐 보관,맥앤치즈 / 샐러드 / 수프,-,삶기 / 파스타,✓,✓
606,연어알,냉장/냉동,냉장 0~4℃ / 냉동 -18℃ 이하,냉장 개봉 후 2~3일 / 냉동 1~2개월,대부분 염장/간장 절임 상태. 개봉 후 밀폐 보관. 재냉동 금지,밥 / 김 / 오이,-,초밥 / 고명,✓,✓
607,염통,냉장/냉동,냉장 0~4℃ / 냉동 -18℃ 이하,냉장 1~2일 / 냉동 3~4개월,내장류. 손질 즉시 섭취·냉동. 재냉동 금지,소금 / 마늘 / 부추,-,구이 / 꼬치,✓,✓
608,엿기름,실온/냉장,밀폐 건냉소 / 냉장,실온 6개월 / 냉장 1년,식혜 제조용. 밀폐 보관,식혜 / 고추장 / 조청,-,식혜 / 고추장,✓,✓
609,오돌뼈,냉장/냉동,냉장 0~4℃ / 냉동 -18℃ 이하,냉장 2~3일 / 냉동 3~4개월,돼지 연골. 손질 후 소분 냉동,고추장 / 마늘 / 청양고추,-,볶음 / 무침,✓,✓
610,오르조,실온,밀폐 건냉소,1~2년,쌀 모양 파스타. 밀폐 보관,리조또 스타일 요리 / 샐러드 / 수프,-,파스타 / 샐러드,✓,✓
611,오리 콩피,냉장/냉동,냉장 0~4℃ / 냉동 -18℃ 이하,냉장 2~3주 / 냉동 6개월,기름에 절인 상태라 저장성 높음. 밀폐 필수,감자 / 샐러드 / 레드와인,-,굽기 / 샐러드,✓,✓
612,오리다리,냉장/냉동,냉장 0~4℃ / 냉동 -18℃ 이하,냉장 1~2일 / 냉동 6~9개월,가금류 기준,콩피 / 훈제 양념 / 로즈마리,-,콩피 / 구이,✓,✓
613,오리뼈,냉동,-18℃ 이하,6개월,육수용. 소분 냉동,대파 / 생강 / 마늘,-,육수,✓,✓
614,오리엔탈드레싱,냉장,0~4℃,개봉 전 유통기한 / 개봉 후 냉장 1~2개월,개봉 후 반드시 냉장,샐러드 / 볶음밥 / 냉채,-,드레싱,✓,✓
615,오소리감투,냉장/냉동,냉장 0~4℃ / 냉동 -18℃ 이하,냉장 1일 / 냉동 2~3개월,돼지 항문 주위 살. 손질 후 즉시 소비·냉동,소금 / 부추 / 마늘,-,구이,✓,✓
616,오징어먹물,냉장/냉동,냉장 0~4℃ / 냉동 -18℃,개봉 후 냉장 1개월 / 냉동 6개월,진공 포장 제품. 개봉 후 냉장,파스타 / 리조또 / 빵,-,파스타 / 베이킹,✓,✓
617,오크라,냉장,7~10℃,3~5일,저온 민감. 밀봉 냉장,토마토 / 양파 / 베이컨,-,볶음 / 스튜,✓,✓
618,옥돔,냉장/냉동,냉장 0~4℃ / 냉동 -18℃ 이하,냉장 1~2일 / 냉동 3~6개월,흰살 고급 생선. 제주도 특산. 손질 후 소분 냉동,소금 / 레몬 / 무,-,구이 / 조림,✓,✓
619,옥수수면,실온,밀폐 건냉소,건면 1~2년,밀폐 필수,타코 / 글루텐프리 요리,-,삶기,✓,✓
620,용과,실온→냉장,실온 / 냉장 7~10℃,실온 1주 / 냉장 1~2주,열대과일. 너무 차면 품질 저하,요거트 / 스무디 / 과일 샐러드,-,생식 / 스무디,✓,✓
621,우거지,냉장/냉동,냉장 0~4℃ / 냉동 -18℃,냉장 3~5일 / 삶은 것 냉동 6개월,삶은 후 소분 냉동,된장 / 들깨가루 / 고등어,-,국 / 찜,✓,✓
622,우대갈비,냉장/냉동,냉장 0~4℃ / 냉동 -18℃ 이하,냉장 3~5일 / 냉동 4~12개월,뼈 있는 갈비 스테이크용. 진공포장 시 냉장 2주,소금 / 마늘 / 로즈마리,-,구이 / 스테이크,✓,✓
623,우동다시,실온/냉장,실온 건냉소 / 개봉 후 냉장,개봉 전 유통기한 / 개봉 후 냉장 1~3개월,개봉 후 냉장,우동면 / 유부 / 계란,-,국물 / 우동,✓,✓
624,우설,냉장/냉동,냉장 0~4℃ / 냉동 -18℃ 이하,냉장 1~2일 / 냉동 3~4개월,소 혀. 내장류에 준함. 손질 후 소분 냉동,양파 / 대파 / 레몬,-,삶기 / 구이,✓,✓
625,우족,냉장/냉동,냉장 0~4℃ / 냉동 -18℃ 이하,냉장 2~3일 / 냉동 4~6개월,소 족. 곰탕·족편용. 핏물 제거 후 소분 냉동,무 / 대파 / 마늘,-,곰탕 / 족편,✓,✓
626,워터그레스,냉장,0~4℃,3~5일,물 컵에 담가 냉장 가능,샐러드 / 수프 / 샌드위치,-,샐러드 / 수프,✓,✓
627,위스키,실온,15~20℃ 어두운 곳,미개봉 무기한 / 개봉 후 1~2년 권장,알코올 40도 이상. 직사광선·열 피하기. 세워서 보관(눕히면 코르크 손상),얼음 / 탄산수 / 다크초콜릿,-,음용 / 칵테일,✓,✓
628,유자,냉장,0~4℃,2~3주,껍질까지 사용. 밀봉 냉장,꿀 / 배 / 레몬,-,청 / 차 / 드레싱,✓,✓
629,유자청,냉장,0~10℃,6개월~1년,냉장 필수. 곰팡이 주의,물 / 탄산수 / 드레싱,-,차 / 드레싱,✓,✓
630,유청,냉장/냉동,냉장 0~4℃ / 냉동 -18℃ 이하,냉장 3~5일 / 냉동 3~6개월,치즈 제조 부산물. 발효 빠르므로 빠른 사용,베이킹 / 팬케이크,-,베이킹 / 스무디,✓,✓
631,육회거리,냉장,0~4℃,당일 소비 필수,생식용 부위. 구입 당일 조리·섭취. 절대 재보관 금지,배 / 마늘 / 참기름 / 계란노른자,-,육회,✓,✓
632,율무,실온,밀폐 건냉소,밀폐 실온 1년,밀폐 보관,쌀 / 콩 / 팥,-,밥 / 차 / 미숫가루,✓,✓
633,은두야,냉장,0~4℃,개봉 전 1~2개월 / 개봉 후 2~3주,이탈리아 스프레드형 소시지. 밀봉 보관,파스타 / 피자 / 빵,-,스프레드 / 파스타,✓,✓
634,은행,냉장/냉동,냉장 0~4℃ / 냉동 -18℃,냉장 1개월 / 냉동 6개월~1년,껍질 제거 후 밀봉. 섭취량 주의(독성),삼계탕 / 영양밥 / 꼬치,-,볶음 / 꼬치 / 찜,✓,✓
635,이스트,냉장/냉동,냉장 0~4℃ / 냉동 -18℃,개봉 전 유통기한 / 개봉 후 냉장 4개월 / 냉동 1년,생효모. 냉장 필수,강력분 / 설탕 / 우유,-,빵 발효,✓,✓
636,이즈니버터,냉장/냉동,냉장 0~4℃ / 냉동 -18℃ 이하,냉장 1~2개월 / 냉동 6~9개월,프랑스 고급 버터. 밀봉·차광 필수,빵 / 크루아상 / 베이킹,-,베이킹 / 스프레드,✓,✓
637,이탈리안 파슬리,냉장,0~4℃,1~2주,물 컵에 담가 냉장,파스타 / 스테이크 가니시 / 생선,-,가니시 / 다지기,✓,✓
638,인절미,냉동,-18℃ 이하,1~2개월,냉장 시 딱딱. 냉동 권장. 해동 후 전자레인지,콩고물 / 꿀 / 조청,-,떡 / 간식,✓,✓
639,잉글리시머핀,실온/냉동,실온 건냉소 / 냉동 -18℃,실온 3~5일 / 냉동 2~3개월,소분 냉동 권장,버터 / 잼 / 계란,-,토스트 / 샌드위치,✓,✓
640,잔탄검,실온,밀폐 건냉소,개봉 후 2~3년,밀폐 보관,글루텐프리 베이킹 / 소스 점도 조절,-,베이킹 / 증점,✓,✓
641,정어리,냉장/냉동,냉장 0~4℃ / 냉동 -18℃ 이하,냉장 1~2일 / 냉동 2~3개월,등푸른 생선. 히스타민 위험. 통조림은 개봉 후 냉장 2~3일,레몬 / 올리브유 / 토마토,-,구이 / 캔 / 파스타,✓,✓
642,정향,실온,밀폐 건냉소,2~3년,통으로 저장 시 장기간 향 유지,수정과 / 뱅쇼 / 카레 / 베이킹,-,향 내기 / 베이킹,✓,✓
643,제비추리,냉장/냉동,냉장 0~4℃ / 냉동 -18℃ 이하,냉장 3~5일 / 냉동 4~6개월,구이용 희소 부위. 진공포장 시 냉장 2주,소금 / 마늘 / 부추 / 양파,-,구이,✓,✓
644,제피가루,실온,밀폐 건냉소,6개월~1년,밀폐 필수. 향 휘발 빠름,추어탕 / 생선 조림,-,향신료,✓,✓
645,젤라틴,실온,밀폐 건냉소,개봉 후 1~2년,분말·판 형태. 밀폐 보관,젤리 / 무스 / 판나코타,-,디저트 / 굳히기,✓,✓
646,조,실온,밀폐 건냉소,밀폐 실온 1년,잡곡류. 밀폐 보관,쌀 / 콩 / 팥,-,밥 / 죽,✓,✓
647,조랭이떡,냉동,-18℃ 이하,2~3개월,밀봉 냉동,떡국 육수 / 만두 / 계란,-,떡국 / 탕,✓,✓
648,죽순,냉장/냉동,냉장 0~4℃ / 냉동 -18℃,삶은 것 냉장 3~5일 / 냉동 3개월,반드시 삶은 후 보관. 통조림은 개봉 후 냉장 1주,쌀뜨물 / 소고기 / 고추장,-,볶음 / 무침,✓,✓
649,중국당면,실온,밀폐 건냉소,건면 1~2년,밀폐 필수,마라탕 / 훠궈 / 잡채,-,삶기 / 마라탕,✓,✓
650,중력분,실온,밀폐 건냉소,개봉 전 1년 / 개봉 후 6개월,밀폐 필수. 국수·면용,수제비 / 칼국수 / 전 / 만두피,-,면 / 반죽 / 전,✓,✓
651,쥬키니호박,냉장,7~10℃,1주,서양식 애호박. 랩으로 싸서 냉장,올리브유 / 치즈 / 토마토,-,구이 / 볶음 / 수프,✓,✓
652,즈마장,냉장,0~10℃,개봉 전 유통기한 / 개봉 후 냉장 3~6개월,중국식 참깨장. 개봉 후 냉장,훠궈 소스 / 냉면 / 샤브샤브,-,소스 / 찍먹,✓,✓
653,진,실온,건냉소,미개봉 무기한 / 개봉 후 1~2년,증류주. 직사광선 피하기,토닉워터 / 라임 / 칵테일,-,음용 / 칵테일,✓,✓
654,진저에일,실온/냉장,실온 / 개봉 후 냉장,개봉 전 유통기한 / 개봉 후 1~3일,개봉 후 냉장,칵테일 / 청량음료,-,음용,✓,✓
655,차이브,냉장,0~4℃,1주,젖은 키친타월 감싸 냉장,스크램블에그 / 감자 수프 / 사워크림,-,가니시 / 수프,✓,✓
656,참다랑어,냉장/냉동,냉장 0~4℃ / 냉동 -50℃ 이하 권장,냉장 1일 / 냉동 2~3개월,회용은 구입 당일 섭취. 히스타민 위험 등푸른 생선. 해동 후 재냉동 금지,간장 / 와사비 / 참기름,-,회 / 스테이크 / 덮밥,✓,✓
657,천엽,냉장/냉동,냉장 0~4℃ / 냉동 -18℃ 이하,냉장 1일 / 냉동 2~3개월,소 위(양). 손질 즉시 섭취·냉동. 재냉동 금지,참기름 / 초장 / 소금,-,회 / 구이,✓,✓
658,청사과,냉장(김치냉장고 권장),0℃,1~3개월,일반 사과 기준 동일. 에틸렌 주의,요거트 / 샐러드 / 치즈,-,생식 / 베이킹,✓,✓
659,체리,냉장,0~4℃,1주,꼭지 유지. 씻지 않고 밀폐 보관,초콜릿 / 바닐라 아이스크림 / 와인,-,생식 / 잼 / 디저트,✓,✓
660,초리조,냉장,0~4℃,개봉 전 1~2개월 / 개봉 후 2~3주,스페인 발효 소시지. 밀봉 보관,빠에야 / 스크램블에그 / 파스타,-,볶음 / 구이 / 샤퀴테리,✓,✓
661,춘권피,냉장/냉동,냉장 0~4℃ / 냉동 -18℃,냉장 1주 / 냉동 2~3개월,생 반죽. 밀봉 보관,다진 돼지고기 / 당근 / 숙주,-,튀김 / 말기,✓,✓
662,춘장,냉장,0~10℃,개봉 전 유통기한 / 개봉 후 냉장 6개월,중국식 된장. 개봉 후 냉장,짜장면 / 양파 / 돼지고기,-,볶음 / 짜장,✓,✓
663,츄러스,실온,건냉소,당일 / 냉동 1개월,튀김과자. 빠른 섭취 권장,초콜릿 / 카라멜시럽 / 시나몬슈가,-,튀김,✓,✓
664,치아바타,실온/냉동,실온 건냉소 / 냉동 -18℃,실온 2~3일 / 냉동 1~2개월,소분 냉동 권장,올리브유 / 토마토 / 치즈,-,샌드위치 / 브루스케타,✓,✓
665,카망베르 치즈,냉장,0~4℃,개봉 전 유통기한 / 개봉 후 1~2주,소프트 치즈. 특유의 흰 껍질은 식용. 밀봉 보관,크래커 / 잼 / 와인 / 사과,-,치즈 플레이트 / 구이,✓,✓
666,카모마일,실온,밀폐 건냉소,건조 1~2년,차용. 밀폐 필수,꿀 / 레몬,-,차,✓,✓
667,카무트,실온,밀폐 건냉소,밀폐 실온 1년,고대 밀 품종. 밀폐 보관,샐러드 / 스프 / 밥,-,샐러드 / 밥,✓,✓
668,카카오닙스,실온,밀폐 건냉소,1~2년,밀폐 보관. 습기 주의,요거트 / 스무디 / 디저트 토핑,-,토핑 / 베이킹,✓,✓
669,카펠리니,실온,밀폐 건냉소,건면 실온 1~2년,얇은 건면,올리브유 / 토마토 / 해산물,-,삶기 / 파스타,✓,✓
670,칸탈로프,실온→냉장,실온 / 후숙 후 냉장 2~5℃,실온 숙성 / 후숙 후 냉장 1주,멜론과 유사. 후숙 후 냉장,프로슈토 / 민트 / 요거트,-,생식 / 샐러드,✓,✓
671,캐비어,냉장,0~4℃,개봉 전 2~4주 / 개봉 후 2~3일,냉장 필수. 냉동 금지(식감 파괴). 은/플라스틱 스푼 사용(금속 맛 영향),블리니 / 사워크림 / 샴페인,-,에피타이저 / 가니시,✓,✓
672,캐슈넛,실온/냉장/냉동,실온 밀폐 / 냉장 / 냉동,실온 1~3개월 / 냉장 6개월 / 냉동 1~2년,밀폐 필수. 산패 방지,중화요리 / 볶음 / 커리,-,볶음 / 커리,✓,✓
673,캡사이신,실온,건냉소,유통기한 참조,매운맛 농축 추출물. 밀폐 보관,매운 소스 / 매운 라면 / 매운 양념,-,매운맛 양념,✓,✓
674,컬리플라워,냉장,0~4℃,1~2주,밀봉 냉장,치즈 / 카레 / 수프,-,찜 / 구이 / 수프,✓,✓
675,케일,냉장,0~4℃,1주,키친타월 감싸 밀폐 냉장,사과 / 바나나 / 레몬,-,스무디 / 샐러드 / 칩,✓,✓
676,코코넛오일,실온,건냉소,개봉 전 2년 / 개봉 후 1~2년,상온에서 고체. 산패 느림. 저장성 좋음,동남아 커리 / 베이킹 / 스무디,-,볶음 / 베이킹,✓,✓
677,코코넛워터,실온/냉장,실온 / 개봉 후 냉장,개봉 후 냉장 2~3일,개봉 후 빠른 섭취,스무디 / 칵테일 / 음용,-,음용 / 스무디,✓,✓
678,코코아파우더,실온,밀폐 건냉소,2~3년,밀폐 필수. 습기 주의,우유 / 베이킹 / 브라우니,-,베이킹 / 음료,✓,✓
679,코파,냉장,0~4℃,개봉 전 1~2개월 / 개봉 후 2~3주,이탈리아 돼지 목심 염장품. 밀봉 보관,빵 / 치즈 / 와인,-,샤퀴테리 / 샌드위치,✓,✓
680,콘밀,실온/냉장,밀폐 건냉소 / 냉장 0~10℃,실온 6개월 / 냉장 1년,옥수수가루. 밀폐 필수,콘브레드 / 폴렌타 / 또띠아,-,베이킹 / 폴렌타,✓,✓
681,콜라비,냉장,0~4℃,2~3주,신문지로 감싸 보관. 잎 먼저 제거,샐러드 / 깍두기 / 동치미,-,생식 / 샐러드 / 깍두기,✓,✓
682,콩가루,실온/냉장,밀폐 건냉소 / 냉장 0~10℃,실온 3개월 / 냉장 6개월,지방 있어 산패 빠름. 냉장 권장,인절미 / 떡 / 설탕,-,고물 / 베이킹,✓,✓
683,퀴노아,실온,밀폐 건냉소,밀폐 실온 2~3년,슈퍼곡물. 밀폐 보관,샐러드 / 수프 / 닭가슴살,-,삶기 / 샐러드 / 밥,✓,✓
684,큐민,실온,밀폐 건냉소,1~2년,씨앗. 밀폐 필수,커리 / 멕시칸 요리 / 중동 요리,-,향신료,✓,✓
685,크래커,실온,밀폐 건냉소,개봉 전 유통기한 / 개봉 후 1~2개월,밀폐 필수. 습기 시 눅눅,치즈 / 잼 / 땅콩버터,-,간식 / 치즈 플레이트,✓,✓
686,크랜베리,냉장/냉동,냉장 0~4℃ / 냉동 -18℃,냉장 3~4주 / 냉동 12개월,다른 베리보다 저장성 좋음,요거트 / 칠면조 / 오트밀,-,소스 / 베이킹 / 말림,✓,✓
687,크러쉬드레드페퍼,실온,밀폐 건냉소,1~2년,건조 고추조각. 밀폐 필수,피자 / 파스타 / 볶음,-,토핑 / 양념,✓,✓
688,크루아상,실온/냉동,실온 건냉소 / 냉동 -18℃,실온 2~3일 / 냉동 1~2개월,버터 많아 산패 주의,버터 / 잼 / 햄치즈,-,베이킹 / 샌드위치,✓,✓
689,크루통,실온,밀폐 건냉소,밀폐 실온 1~2개월,건조 빵조각. 습기 주의,시저샐러드 / 수프 토핑,-,토핑,✓,✓
691,크림파스타소스,냉장,0~4℃,개봉 전 유통기한 / 개봉 후 5~7일,유제품 베이스. 개봉 후 빠른 섭취,페투치니 / 베이컨 / 파마산,-,파스타,✓,✓
692,킹크랩,냉장/냉동,냉장 0~4℃ / 냉동 -18℃ 이하,냉장 1일 / 냉동 최대 10개월,대부분 급속 냉동 제품. 해동 후 재냉동 금지. 찜으로 조리,버터 / 레몬 / 마요네즈,-,찜 / 구이,✓,✓
693,타르트쉘,실온,밀폐 건냉소,개봉 전 유통기한(3~6개월),건조 쉘. 밀폐 보관,커스터드크림 / 과일 / 초콜릿,-,디저트,✓,✓
694,타마린드소스,실온/냉장,실온 / 개봉 후 냉장,개봉 후 냉장 6개월,개봉 후 냉장,팟타이 / 태국 커리 / 새우,-,소스 / 양념,✓,✓
695,타바스코,실온/냉장,실온 건냉소 / 개봉 후 냉장,개봉 전 5년 / 개봉 후 냉장 3년,핫소스는 산도·식초 많아 저장성 좋음,피자 / 블러디메리 / 오믈렛,-,소스,✓,✓
696,타피오카전분,실온,밀폐 건냉소,밀폐 실온 1~2년,밀폐 보관,타피오카펄 원료 / 모찌 / 글루텐프리,-,증점 / 베이킹,✓,✓
697,타피오카펄,실온,밀폐 건냉소,6개월~1년,밀폐 필수,버블티 / 디저트,-,버블티 / 디저트,✓,✓
698,터봇,냉장/냉동,냉장 0~4℃ / 냉동 -18℃ 이하,냉장 1~2일 / 냉동 3~6개월,서양 흰살 고급 생선. 수입 냉동 제품이 대부분,버터 / 레몬 / 화이트와인,-,구이 / 스팀,✓,✓
699,테프,실온,밀폐 건냉소,밀폐 실온 1년,에티오피아 곡물. 밀폐 보관,인제라 빵 / 죽 / 글루텐프리 베이킹,-,베이킹 / 죽,✓,✓
700,토닉워터,실온/냉장,실온 / 개봉 후 냉장,개봉 전 유통기한 / 개봉 후 1~3일,개봉 후 냉장,진 / 레몬 / 라임,-,칵테일,✓,✓
701,토르텔리니,냉장/냉동,냉장 0~4℃ / 냉동 -18℃,냉장 2~3일 / 냉동 2~3개월,속 채운 파스타. 생면,크림소스 / 토마토소스 / 수프,-,삶기 / 수프,✓,✓
702,토마토페이스트,실온/냉장/냉동,통조림 실온 / 개봉 후 냉장·냉동,개봉 전 2년 / 개봉 후 냉장 5~7일 / 냉동 3개월,개봉 후 소분 냉동 추천,파스타 소스 / 스튜 / 칠리,-,소스 베이스 / 스튜,✓,✓
703,토마토퓨레,냉장/냉동,개봉 후 냉장·냉동,개봉 전 유통기한 / 개봉 후 냉장 5~7일 / 냉동 3개월,개봉 후 소분 냉동 추천,파스타소스 / 스튜 / 수프,-,소스 / 수프,✓,✓
704,토마호크,냉장/냉동,냉장 0~4℃ / 냉동 -18℃ 이하,냉장 3~5일 / 냉동 4~12개월,뼈 있는 두꺼운 립아이. 진공포장 시 냉장 2주,소금 / 마늘 / 로즈마리,-,스테이크 / 오븐,✓,✓
705,토시살,냉장/냉동,냉장 0~4℃ / 냉동 -18℃ 이하,냉장 3~5일 / 냉동 4~6개월,구이용 희소 부위. 진공포장 시 냉장 2주,소금 / 마늘 / 쌈,-,구이 / 쌈,✓,✓
706,통밀가루,실온/냉장,실온 / 냉장 0~10℃,실온 3개월 / 냉장 6개월,산패 빠름. 냉장 권장,빵 / 머핀 / 쿠키,-,베이킹,✓,✓
707,통밀빵,실온/냉동,실온 건냉소 / 냉동 -18℃,실온 3~5일 / 냉동 2~3개월,소분 냉동 권장,아보카도 / 땅콩버터 / 치즈,-,토스트 / 샌드위치,✓,✓
708,통칠면조,냉장/냉동,냉장 0~4℃ / 냉동 -18℃ 이하,냉장 1~2일 / 냉동 12개월,USDA: 통칠면조 냉동 12개월,크랜베리소스 / 스터핑 / 그레이비,-,오븐 로스트,✓,✓
709,트러플버터,냉장/냉동,냉장 0~4℃ / 냉동 -18℃ 이하,냉장 개봉 후 1~2주 / 냉동 3~6개월,향 유지 위해 밀폐 필수,파스타 / 리조또 / 스테이크,-,파스타 / 피니싱,✓,✓
710,트러플오일,실온,서늘한 곳,개봉 전 1년 / 개봉 후 6개월,향 보존 위해 밀봉. 직사광선 피하기,파스타 / 리조또 / 피자,-,피니싱 / 드레싱,✓,✓
711,트럼펫버섯,냉장/냉동,냉장 0~4℃ / 냉동 -18℃,냉장 5~7일 / 냉동 3~6개월,키친타월 감싸 냉장,버터 / 크림 파스타 / 스테이크,-,볶음 / 파스타,✓,✓
712,트리플섹,실온,건냉소,개봉 후 1~2년,오렌지 리큐어. 알코올 도수 높음,칵테일 / 베이킹,-,칵테일 / 디저트,✓,✓
713,티본,냉장/냉동,냉장 0~4℃ / 냉동 -18℃ 이하,냉장 3~5일 / 냉동 4~12개월,T자형 뼈 스테이크. 진공포장 시 냉장 2주,소금 / 마늘 / 로즈마리 / 버터,-,스테이크 / 그릴,✓,✓
714,파로,실온,밀폐 건냉소,밀폐 실온 1년,이탈리아 고대 곡물. 밀폐 보관,샐러드 / 수프 / 리조또 스타일,-,삶기 / 샐러드,✓,✓
715,파르미지아노 레지아노,냉장,0~4℃,덩어리 개봉 후 2~4개월,이탈리아 하드치즈. 진공포장 권장,파스타 / 리조또 / 샐러드,-,갈아쓰기 / 토핑,✓,✓
716,파르팔레,실온,밀폐 건냉소,건면 실온 1~2년,나비 모양 건면,크림소스 / 베이컨 / 샐러드,-,삶기 / 샐러드,✓,✓
717,파마산치즈가루,냉장,0~4℃,개봉 전 유통기한 / 개봉 후 1~2개월,밀봉 보관. 습기 주의,파스타 / 피자 / 샐러드 토핑,-,토핑,✓,✓
718,파이 시트,냉동,-18℃ 이하,6~12개월,냉동 퍼프 페이스트리,과일 / 고기 / 치즈,-,베이킹,✓,✓
719,파케리,실온,밀폐 건냉소,건면 실온 1~2년,대형 튜브 파스타,라구 소스 / 해산물 소스,-,삶기 / 파스타,✓,✓
720,파파르델레,실온/냉장,밀폐 건냉소 / 냉장,건면 실온 1~2년 / 생면 냉장 3~5일,넓적한 파스타,볼로네제 / 버섯 크림 / 소고기 라구,-,삶기 / 파스타,✓,✓
721,판체타,냉장,0~4℃,개봉 전 1~2개월 / 개봉 후 2~3주,이탈리아 삼겹살 염장품. 밀봉 보관,카르보나라 / 아마트리치아나 / 샐러드,-,파스타 / 볶음,✓,✓
722,팔각,실온,밀폐 건냉소,2~3년,밀폐 필수,동파육 / 오향장육 / 장조림,-,향신료 / 조림,✓,✓
723,패션후르츠,실온→냉장,실온 / 냉장 7~10℃,실온 1주 / 냉장 1~2주,열대과일. 껍질 주름이 잡히면 먹기 좋은 상태,요거트 / 칵테일 / 디저트,-,생식 / 주스 / 디저트,✓,✓
724,페코리노 로마노,냉장,0~4℃,덩어리 개봉 후 2~4개월,양젖 하드치즈. 진공포장 권장,카르보나라 / 파스타 / 샐러드,-,갈아쓰기,✓,✓
725,페코리노 토스카노,냉장,0~4℃,덩어리 개봉 후 1~2개월,양젖 치즈. 밀봉 보관,크래커 / 빵 / 꿀 / 잼,-,치즈 플레이트,✓,✓
726,페타치즈,냉장,0~4℃,개봉 전 유통기한 / 개봉 후 1주(염수 안) 4~6주,그리스 치즈. 염수에 담가 보관 시 오래감,수박 / 올리브 / 그릭샐러드,-,샐러드 / 크럼블,✓,✓
727,페투치니,실온,밀폐 건냉소,건면 실온 1~2년,납작한 건면,알프레도 / 볼로네제 / 버섯,-,삶기 / 파스타,✓,✓
728,페퍼민트,냉장,0~4℃,1주,물 컵에 담가 냉장,초콜릿 / 차 / 칵테일,-,차 / 가니시,✓,✓
729,펙틴,실온,밀폐 건냉소,개봉 후 1년,밀폐 보관. 습기 주의,과일잼 / 마멀레이드 / 젤리,-,잼 / 젤리,✓,✓
730,펜네,실온,밀폐 건냉소,건면 실온 1~2년,건면. 밀폐 보관,토마토소스 / 로제소스 / 아라비아타,-,삶기 / 파스타,✓,✓
731,편육,냉장,0~4℃,3~5일,삶은 고기. 빠른 섭취,초간장 / 새우젓 / 겨자,-,수육 / 편육,✓,✓
732,포카치아,실온/냉동,실온 건냉소 / 냉동 -18℃,실온 2~3일 / 냉동 1~2개월,올리브유 많아 산패 주의,올리브유 / 로즈마리 / 토마토,-,베이킹 / 샌드위치,✓,✓
733,포터하우스,냉장/냉동,냉장 0~4℃ / 냉동 -18℃ 이하,냉장 3~5일 / 냉동 4~12개월,대형 T본 스테이크. 진공포장 시 냉장 2주,소금 / 마늘 / 버터,-,스테이크 / 그릴,✓,✓
734,포트와인,실온(미개봉)/냉장(개봉 후),실온 / 냉장 0~10℃,미개봉 장기 / 개봉 후 냉장 1~2개월,주정강화 와인. 스타일별 다름,치즈 / 다크초콜릿 / 디저트,-,음용 / 소스,✓,✓
735,폰즈소스,실온/냉장,실온 / 개봉 후 냉장,개봉 후 냉장 3~6개월,개봉 후 냉장,샤브샤브 / 회 / 두부,-,소스 / 찍먹,✓,✓
736,표고버섯가루,실온/냉장,밀폐 건냉소 / 냉장,실온 6개월 / 냉장 1년,밀폐 필수. 습기 주의,국물 요리 / 양념 / 나물,-,양념 / 간,✓,✓
737,푸실리,실온,밀폐 건냉소,건면 실온 1~2년,나선 모양 건면,파스타샐러드 / 페스토 / 토마토소스,-,삶기 / 샐러드,✓,✓
738,프로슈토,냉장,0~4℃,개봉 전 유통기한 / 개봉 후 1~2주,이탈리아 생햄. 염분 많아 저장성 있음. 밀봉 보관,멜론 / 루꼴라 / 모짜렐라,-,샤퀴테리 / 피자,✓,✓
739,플레인요거트,냉장,0~4℃,개봉 전 유통기한 / 개봉 후 3~5일,밀봉 보관,과일 / 꿀 / 그래놀라,-,디저트 / 드레싱,✓,✓
740,피쉬소스,실온/냉장,실온 건냉소 / 개봉 후 냉장,개봉 전 2~3년 / 개봉 후 냉장 1년,동남아식 액젓. 개봉 후 냉장 권장,쌀국수 / 팟타이 / 태국식 샐러드,-,양념 / 소스,✓,✓
741,피자 도우,냉장/냉동,냉장 0~4℃ / 냉동 -18℃,냉장 2~3일 / 냉동 2~3개월,생 반죽. 냉장 시 발효 계속,토마토소스 / 모짜렐라 / 바질,-,피자,✓,✓
742,피칸,냉장/냉동,냉장 0~4℃ / 냉동 -18℃,냉장 6개월 / 냉동 1~2년,지방 많아 산패 빠름. 냉장 필수,메이플시럽 / 브라운슈가 / 캔디,-,베이킹 / 파이,✓,✓
743,피타브레드,실온/냉동,실온 건냉소 / 냉동 -18℃,실온 2~3일 / 냉동 2~3개월,소분 냉동 권장,훔무스 / 팔라펠 / 채소,-,샌드위치 / 딥,✓,✓
744,하드 타코 쉘,실온,밀폐 건냉소,개봉 전 유통기한 / 개봉 후 1~2주,밀폐 보관,다진 소고기 / 치즈 / 살사 / 양상추,-,타코,✓,✓
745,하몽,냉장,0~4℃ / 통햄은 실온 가능(서늘한 곳),슬라이스 냉장 1~2주 / 통햄 원형 유지 시 2개월+,스페인 생햄. 염분 많음. 잘라낸 단면에 올리브유 도포 가능,멜론 / 바게트 / 치즈 / 와인,-,샤퀴테리,✓,✓
746,한천가루,실온,밀폐 건냉소,2~3년,밀폐 필수,양갱 / 젤리 / 무스,-,굳히기 / 디저트,✓,✓
747,할루미치즈,냉장,0~4℃,개봉 전 유통기한 / 개봉 후 1주 / 진공 시 2주,키프로스 치즈. 밀봉 보관,올리브유 / 레몬 / 샐러드,-,구이 / 샐러드,✓,✓
748,핫도그 번,실온/냉동,실온 건냉소 / 냉동 -18℃,실온 3~5일 / 냉동 2~3개월,소분 냉동 권장,소시지 / 머스타드 / 케찹,-,핫도그,✓,✓
749,핫케이크가루,실온,밀폐 건냉소,개봉 전 1~2년 / 개봉 후 6개월,밀폐 필수,우유 / 계란 / 버터 / 메이플시럽,-,팬케이크 / 와플,✓,✓
750,해바라기씨,실온/냉장,실온 밀폐 / 냉장,실온 3개월 / 냉장 6~12개월,밀폐 필수,샐러드 / 요거트 / 베이킹,-,토핑 / 베이킹,✓,✓
751,해삼,냉장/냉동,냉장 0~4℃ / 냉동 -18℃ 이하,냉장 1~2일 / 냉동 2~3개월,회용은 당일 섭취. 손질 후 소분 냉동,오이 / 초고추장 / 미역,-,회 / 냉채,✓,✓
752,해선장,냉장,0~10℃,개봉 전 유통기한 / 개봉 후 냉장 6개월~1년,중국식 달콤한 장. 개봉 후 냉장,페킹덕 / 볶음 / 바비큐 양념,-,소스 / 양념,✓,✓
753,햄버거 번,실온/냉동,실온 건냉소 / 냉동 -18℃,실온 3~5일 / 냉동 2~3개월,소분 냉동 권장,소고기 패티 / 양상추 / 토마토 / 치즈,-,햄버거,✓,✓
754,햄프씨드,냉장,0~4℃,6~12개월,지방 많아 산패 빠름. 냉장 권장,샐러드 / 스무디 / 요거트,-,토핑,✓,✓
755,현미식초,실온,건냉소,개봉 후 2년,산도 높아 저장성 좋음,초밥 / 드레싱 / 피클,-,드레싱 / 절임,✓,✓
756,호밀가루,실온/냉장,실온 건냉소 / 냉장,실온 3~6개월 / 냉장 1년,밀폐 필수,밀가루 / 캐러웨이씨 / 이스트,-,베이킹 / 빵,✓,✓
757,호밀빵,실온/냉동,실온 건냉소 / 냉동 -18℃,실온 3~5일 / 냉동 2~3개월,호밀은 저장성 좋음,버터 / 햄 / 치즈 / 훈제연어,-,샌드위치 / 토스트,✓,✓
758,호박씨,실온/냉장,실온 밀폐 / 냉장,실온 3개월 / 냉장 6~12개월,밀폐 필수,샐러드 / 요거트 / 베이킹,-,토핑 / 볶음,✓,✓
759,혼다시,실온,밀폐 건냉소,개봉 전 유통기한 / 개봉 후 1년,일본식 가쓰오부시 조미료. 밀폐 필수,된장국 / 우동 육수 / 다시마키,-,국물 베이스,✓,✓
760,홀스래디쉬,냉장,0~4℃,개봉 전 유통기한 / 개봉 후 냉장 3~4개월,서양식 매운 뿌리 소스. 개봉 후 냉장,로스트비프 / 블러디메리 / 새우칵테일,-,소스 / 양념,✓,✓
761,홀토마토,실온/냉장,실온 / 개봉 후 냉장,통조림 개봉 전 2~3년 / 개봉 후 냉장 5~7일,개봉 후 다른 용기에 옮겨 냉장,파스타소스 / 스튜 / 수프,-,소스 / 수프,✓,✓
762,홍게간장,냉장,0~4℃,개봉 후 냉장 1~2개월,게장 양념. 개봉 후 냉장,밥 / 파스타 / 덮밥,-,비빔 / 양념,✓,✓
763,화유,실온/냉장,실온 건냉소 / 개봉 후 냉장,개봉 후 3~6개월,중국식 매운 기름. 기름 산패 주의,중화볶음 / 마라 / 국물 마무리,-,향 내기 / 볶음,✓,✓
764,화이트와인,실온(저장고) / 냉장(개봉 후),7~10℃ / 냉장 0~4℃,미개봉 3~5년 / 개봉 후 2~3일,탄닌 적어 산화 빠름. 개봉 후 냉장 필수,해산물 / 치즈 / 파스타,-,음용 / 요리,✓,✓
765,훈제연어,냉장/냉동,냉장 0~4℃ / 냉동 -18℃ 이하,개봉 전 냉장 7~14일 / 개봉 후 2~3일 / 냉동 2개월,개봉 후 빠른 섭취 권장. 재냉동 금지,크림치즈 / 케이퍼 / 레몬,-,샌드위치 / 샐러드,✓,✓
766,훈제파프리카가루,실온,밀폐 건냉소,1~2년,밀폐 필수,파에야 / 감자 / 스페인식 요리,-,시즈닝,✓,✓
767,휘낭시에,실온/냉장,실온 건냉소 / 냉장,실온 3~5일 / 냉장 1주,버터 많은 구움과자,커피 / 홍차 / 아이스크림,-,베이킹,✓,✓
768,흑임자드레싱,냉장,0~4℃,개봉 후 냉장 1~2개월,개봉 후 냉장,샐러드 / 튀김 샐러드,-,드레싱,✓,✓
769,흰강낭콩,실온,밀폐 건냉소,건조 실온 1~2년,밀폐 보관. 카넬리니 빈이라고도 함,수프 / 칠리 / 스튜,-,수프 / 스튜,✓,✓
